budget_item_key,fiscal_year,account_code,account_name,budget_side,kan_code,kan_name,kou_code,kou_name,moku_code,moku_name,program_total_amount_thousand_yen,section_total_amount_thousand_yen,diff_amount_thousand_yen,validation_status,program_row_count,section_row_count,source_type,is_zero_amount
2026_general_expenditure_01_01_01,2026,general,一般会計,expenditure,01,議会費,01,議会費,01,議会費,770553,770553,0,ok,3,10,derived,false
2026_general_expenditure_02_01_01,2026,general,一般会計,expenditure,02,総務費,01,総務管理費,01,一般管理費,14144725,14144725,0,ok,41,16,derived,false
2026_general_expenditure_02_01_02,2026,general,一般会計,expenditure,02,総務費,01,総務管理費,02,広報広聴費,436619,436619,0,ok,7,7,derived,false
2026_general_expenditure_02_01_03,2026,general,一般会計,expenditure,02,総務費,01,総務管理費,03,企画調整費,602726,602726,0,ok,9,10,derived,false
2026_general_expenditure_02_01_04,2026,general,一般会計,expenditure,02,総務費,01,総務管理費,04,電子計算費,14226086,14226086,0,ok,12,11,derived,false
2026_general_expenditure_02_01_05,2026,general,一般会計,expenditure,02,総務費,01,総務管理費,05,財政管理費,9929,9929,0,ok,2,7,derived,false
2026_general_expenditure_02_01_06,2026,general,一般会計,expenditure,02,総務費,01,総務管理費,06,財産管理費,994508,994508,0,ok,7,9,derived,false
2026_general_expenditure_02_01_07,2026,general,一般会計,expenditure,02,総務費,01,総務管理費,07,車両管理費,205166,205166,0,ok,2,6,derived,false
2026_general_expenditure_02_01_08,2026,general,一般会計,expenditure,02,総務費,01,総務管理費,08,会計管理費,242559,242559,0,ok,3,6,derived,false
2026_general_expenditure_02_02_01,2026,general,一般会計,expenditure,02,総務費,02,徴税費,01,税務総務費,2182,2182,0,ok,2,5,derived,false
2026_general_expenditure_02_02_02,2026,general,一般会計,expenditure,02,総務費,02,徴税費,02,賦課徴収費,1379576,1379576,0,ok,3,8,derived,false
2026_general_expenditure_02_03_01,2026,general,一般会計,expenditure,02,総務費,03,区民費,01,区民総務費,1759553,1759553,0,ok,50,14,derived,false
2026_general_expenditure_02_03_02,2026,general,一般会計,expenditure,02,総務費,03,区民費,02,支所費,2808564,2808564,0,ok,34,13,derived,false
2026_general_expenditure_02_03_06,2026,general,一般会計,expenditure,02,総務費,03,区民費,06,区民施設費,4273789,4273789,0,ok,41,10,derived,false
2026_general_expenditure_02_03_09,2026,general,一般会計,expenditure,02,総務費,03,区民費,09,防災対策費,897094,897094,0,ok,25,13,derived,false
2026_general_expenditure_02_03_10,2026,general,一般会計,expenditure,02,総務費,03,区民費,10,健康村費,844051,844051,0,ok,3,9,derived,false
2026_general_expenditure_02_03_11,2026,general,一般会計,expenditure,02,総務費,03,区民費,11,文化・国際費,112674,112674,0,ok,8,9,derived,false
2026_general_expenditure_02_03_12,2026,general,一般会計,expenditure,02,総務費,03,区民費,12,文化施設費,4130266,4130266,0,ok,7,9,derived,false
2026_general_expenditure_02_03_13,2026,general,一般会計,expenditure,02,総務費,03,区民費,13,消費者行政費,14019,14019,0,ok,5,7,derived,false
2026_general_expenditure_02_03_14,2026,general,一般会計,expenditure,02,総務費,03,区民費,14,スポーツ振興費,2692179,2692179,0,ok,16,13,derived,false
2026_general_expenditure_02_03_15,2026,general,一般会計,expenditure,02,総務費,03,区民費,15,生涯現役推進費,358475,358475,0,ok,12,8,derived,false
2026_general_expenditure_02_04_01,2026,general,一般会計,expenditure,02,総務費,04,戸籍住民基本台帳費,01,戸籍事務費,123840,123840,0,ok,1,8,derived,false
2026_general_expenditure_02_04_02,2026,general,一般会計,expenditure,02,総務費,04,戸籍住民基本台帳費,02,住民記録費,785324,785324,0,ok,3,8,derived,false
2026_general_expenditure_02_05_01,2026,general,一般会計,expenditure,02,総務費,05,統計調査費,01,統計調査総務費,1212,1212,0,ok,1,4,derived,false
2026_general_expenditure_02_05_04,2026,general,一般会計,expenditure,02,総務費,05,統計調査費,04,基幹統計調査費,67236,67236,0,ok,1,7,derived,false
2026_general_expenditure_02_07_01,2026,general,一般会計,expenditure,02,総務費,07,選挙費,01,選挙管理委員会費,13782,13782,0,ok,2,6,derived,false
2026_general_expenditure_02_07_02,2026,general,一般会計,expenditure,02,総務費,07,選挙費,02,選挙啓発費,3856,3856,0,ok,1,4,derived,false
2026_general_expenditure_02_07_03,2026,general,一般会計,expenditure,02,総務費,07,選挙費,03,地方選挙費,39624,39624,0,ok,2,7,derived,false
2026_general_expenditure_02_07_06,2026,general,一般会計,expenditure,02,総務費,07,選挙費,06,参議院議員選挙費,0,0,0,ok_zero_amount,1,0,derived,true
2026_general_expenditure_02_08_01,2026,general,一般会計,expenditure,02,総務費,08,監査委員費,01,監査委員費,9989,9989,0,ok,2,7,derived,false
2026_general_expenditure_03_01_01,2026,general,一般会計,expenditure,03,民生費,01,社会福祉費,01,社会福祉総務費,34661846,34661846,0,ok,74,14,derived,false
2026_general_expenditure_03_01_02,2026,general,一般会計,expenditure,03,民生費,01,社会福祉費,02,高齢者福祉費,2506341,2506341,0,ok,30,9,derived,false
2026_general_expenditure_03_01_03,2026,general,一般会計,expenditure,03,民生費,01,社会福祉費,03,障害者福祉費,29559527,29559527,0,ok,35,9,derived,false
2026_general_expenditure_03_01_16,2026,general,一般会計,expenditure,03,民生費,01,社会福祉費,16,障害者施設費,8082382,8082382,0,ok,21,9,derived,false
2026_general_expenditure_03_01_17,2026,general,一般会計,expenditure,03,民生費,01,社会福祉費,17,高齢者施設費,111921,111921,0,ok,1,1,derived,false
2026_general_expenditure_03_01_20,2026,general,一般会計,expenditure,03,民生費,01,社会福祉費,20,国民年金総務費,3009,3009,0,ok,1,4,derived,false
2026_general_expenditure_03_02_01,2026,general,一般会計,expenditure,03,民生費,02,児童福祉費,01,児童福祉総務費,16186471,16186471,0,ok,54,13,derived,false
2026_general_expenditure_03_02_03,2026,general,一般会計,expenditure,03,民生費,02,児童福祉費,03,児童措置費,69931955,69931955,0,ok,11,7,derived,false
2026_general_expenditure_03_02_05,2026,general,一般会計,expenditure,03,民生費,02,児童福祉費,05,保育所費,1848456,1848456,0,ok,1,10,derived,false
2026_general_expenditure_03_02_06,2026,general,一般会計,expenditure,03,民生費,02,児童福祉費,06,児童育成費,2802950,2802950,0,ok,7,10,derived,false
2026_general_expenditure_03_02_12,2026,general,一般会計,expenditure,03,民生費,02,児童福祉費,12,保育児童施設費,3531639,3531639,0,ok,5,7,derived,false
2026_general_expenditure_03_02_13,2026,general,一般会計,expenditure,03,民生費,02,児童福祉費,13,児童相談所費,2314601,2314601,0,ok,11,10,derived,false
2026_general_expenditure_03_03_01,2026,general,一般会計,expenditure,03,民生費,03,生活保護費,01,生活保護総務費,206157,206157,0,ok,1,7,derived,false
2026_general_expenditure_03_03_03,2026,general,一般会計,expenditure,03,民生費,03,生活保護費,03,扶助費,23104327,23104327,0,ok,3,4,derived,false
2026_general_expenditure_04_02_01,2026,general,一般会計,expenditure,04,環境費,02,環境費,01,環境対策費,464852,464852,0,ok,13,12,derived,false
2026_general_expenditure_04_03_01,2026,general,一般会計,expenditure,04,環境費,03,清掃費,01,清掃管理費,5688751,5688751,0,ok,18,10,derived,false
2026_general_expenditure_04_03_02,2026,general,一般会計,expenditure,04,環境費,03,清掃費,02,廃棄物対策費,4300778,4300778,0,ok,6,7,derived,false
2026_general_expenditure_04_03_03,2026,general,一般会計,expenditure,04,環境費,03,清掃費,03,省資源対策費,3723230,3723230,0,ok,4,7,derived,false
2026_general_expenditure_04_03_04,2026,general,一般会計,expenditure,04,環境費,03,清掃費,04,施設整備費,200236,200236,0,ok,3,2,derived,false
2026_general_expenditure_05_01_01,2026,general,一般会計,expenditure,05,衛生費,01,衛生管理費,01,衛生総務費,807064,807064,0,ok,5,8,derived,false
2026_general_expenditure_05_01_03,2026,general,一般会計,expenditure,05,衛生費,01,衛生管理費,03,衛生統計費,3886,3886,0,ok,1,4,derived,false
2026_general_expenditure_05_01_04,2026,general,一般会計,expenditure,05,衛生費,01,衛生管理費,04,保健センター費,511288,511288,0,ok,2,6,derived,false
2026_general_expenditure_05_02_01,2026,general,一般会計,expenditure,05,衛生費,02,保健所費,01,保健所費,233048,233048,0,ok,13,10,derived,false
2026_general_expenditure_05_03_03,2026,general,一般会計,expenditure,05,衛生費,03,公衆衛生費,03,成人病予防費,2459500,2459500,0,ok,7,11,derived,false
2026_general_expenditure_05_03_04,2026,general,一般会計,expenditure,05,衛生費,03,公衆衛生費,04,栄養指導費,9960,9960,0,ok,7,6,derived,false
2026_general_expenditure_05_03_05,2026,general,一般会計,expenditure,05,衛生費,03,公衆衛生費,05,母子保健費,2344731,2344731,0,ok,15,9,derived,false
2026_general_expenditure_05_03_06,2026,general,一般会計,expenditure,05,衛生費,03,公衆衛生費,06,公害保健費,1870,1870,0,ok,1,3,derived,false
2026_general_expenditure_05_03_07,2026,general,一般会計,expenditure,05,衛生費,03,公衆衛生費,07,感染症予防費,4768450,4768450,0,ok,12,7,derived,false
2026_general_expenditure_05_04_01,2026,general,一般会計,expenditure,05,衛生費,04,環境衛生費,01,環境衛生費,304121,304121,0,ok,12,8,derived,false
2026_general_expenditure_06_01_01,2026,general,一般会計,expenditure,06,産業経済費,01,商工費,01,商工振興費,2501199,2501199,0,ok,25,9,derived,false
2026_general_expenditure_06_02_01,2026,general,一般会計,expenditure,06,産業経済費,02,農業費,01,農業委員会費,11052,11052,0,ok,2,9,derived,false
2026_general_expenditure_06_02_02,2026,general,一般会計,expenditure,06,産業経済費,02,農業費,02,農業総務費,222803,222803,0,ok,9,10,derived,false
2026_general_expenditure_07_01_01,2026,general,一般会計,expenditure,07,土木費,01,土木管理費,01,土木総務費,135910,135910,0,ok,11,8,derived,false
2026_general_expenditure_07_02_01,2026,general,一般会計,expenditure,07,土木費,02,道路橋梁費,01,道路橋梁総務費,362335,362335,0,ok,11,8,derived,false
2026_general_expenditure_07_02_02,2026,general,一般会計,expenditure,07,土木費,02,道路橋梁費,02,道路維持費,1570059,1570059,0,ok,3,7,derived,false
2026_general_expenditure_07_02_03,2026,general,一般会計,expenditure,07,土木費,02,道路橋梁費,03,道路新設改良費,9500311,9500311,0,ok,22,11,derived,false
2026_general_expenditure_07_02_04,2026,general,一般会計,expenditure,07,土木費,02,道路橋梁費,04,私道整備費,39000,39000,0,ok,1,1,derived,false
2026_general_expenditure_07_02_06,2026,general,一般会計,expenditure,07,土木費,02,道路橋梁費,06,交通安全対策費,966363,966363,0,ok,9,9,derived,false
2026_general_expenditure_07_02_07,2026,general,一般会計,expenditure,07,土木費,02,道路橋梁費,07,街路照明費,853614,853614,0,ok,3,6,derived,false
2026_general_expenditure_07_02_08,2026,general,一般会計,expenditure,07,土木費,02,道路橋梁費,08,公共下水道建設費,428894,428894,0,ok,1,6,derived,false
2026_general_expenditure_07_02_09,2026,general,一般会計,expenditure,07,土木費,02,道路橋梁費,09,水洗化促進費,3500,3500,0,ok,1,1,derived,false
2026_general_expenditure_07_02_10,2026,general,一般会計,expenditure,07,土木費,02,道路橋梁費,10,橋梁新設改良費,1474413,1474413,0,ok,2,3,derived,false
2026_general_expenditure_07_03_01,2026,general,一般会計,expenditure,07,土木費,03,河川費,01,河川総務費,254631,254631,0,ok,6,7,derived,false
2026_general_expenditure_07_03_05,2026,general,一般会計,expenditure,07,土木費,03,河川費,05,河川整備費,91349,91349,0,ok,2,2,derived,false
2026_general_expenditure_07_04_01,2026,general,一般会計,expenditure,07,土木費,04,公園費,01,公園管理費,4062930,4062930,0,ok,8,12,derived,false
2026_general_expenditure_07_04_02,2026,general,一般会計,expenditure,07,土木費,04,公園費,02,公園新設改良費,5514694,5514694,0,ok,5,7,derived,false
2026_general_expenditure_07_04_05,2026,general,一般会計,expenditure,07,土木費,04,公園費,05,緑化推進費,463497,463497,0,ok,6,6,derived,false
2026_general_expenditure_07_04_06,2026,general,一般会計,expenditure,07,土木費,04,公園費,06,公衆トイレ費,35133,35133,0,ok,1,3,derived,false
2026_general_expenditure_07_05_01,2026,general,一般会計,expenditure,07,土木費,05,建築費,01,建築行政費,539756,539756,0,ok,7,7,derived,false
2026_general_expenditure_07_05_02,2026,general,一般会計,expenditure,07,土木費,05,建築費,02,住宅費,2420376,2420376,0,ok,9,10,derived,false
2026_general_expenditure_07_06_01,2026,general,一般会計,expenditure,07,土木費,06,都市計画費,01,都市計画総務費,6160328,6160328,0,ok,31,11,derived,false
2026_general_expenditure_07_06_02,2026,general,一般会計,expenditure,07,土木費,06,都市計画費,02,市街地開発費,765024,765024,0,ok,6,9,derived,false
2026_general_expenditure_08_01_01,2026,general,一般会計,expenditure,08,教育費,01,教育総務費,01,教育委員会費,13371,13371,0,ok,2,6,derived,false
2026_general_expenditure_08_01_02,2026,general,一般会計,expenditure,08,教育費,01,教育総務費,02,事務局費,2275173,2275173,0,ok,12,8,derived,false
2026_general_expenditure_08_01_03,2026,general,一般会計,expenditure,08,教育費,01,教育総務費,03,教育指導費,3682294,3682294,0,ok,32,11,derived,false
2026_general_expenditure_08_01_04,2026,general,一般会計,expenditure,08,教育費,01,教育総務費,04,教育振興費,1647359,1647359,0,ok,1,1,derived,false
2026_general_expenditure_08_01_07,2026,general,一般会計,expenditure,08,教育費,01,教育総務費,07,教育センター費,363502,363502,0,ok,5,9,derived,false
2026_general_expenditure_08_01_08,2026,general,一般会計,expenditure,08,教育費,01,教育総務費,08,学校給食管理費,0,0,0,ok_zero_amount,3,0,derived,true
2026_general_expenditure_08_02_01,2026,general,一般会計,expenditure,08,教育費,02,小学校費,01,学校管理費,5279289,5279289,0,ok,5,9,derived,false
2026_general_expenditure_08_02_02,2026,general,一般会計,expenditure,08,教育費,02,小学校費,02,教育振興費,328270,328270,0,ok,2,1,derived,false
2026_general_expenditure_08_02_03,2026,general,一般会計,expenditure,08,教育費,02,小学校費,03,学校給食費,0,0,0,ok_zero_amount,1,0,derived,true
2026_general_expenditure_08_02_04,2026,general,一般会計,expenditure,08,教育費,02,小学校費,04,学校保健費,402067,402067,0,ok,5,8,derived,false
2026_general_expenditure_08_02_06,2026,general,一般会計,expenditure,08,教育費,02,小学校費,06,学校施設充実費,4428354,4428354,0,ok,3,5,derived,false
2026_general_expenditure_08_02_10,2026,general,一般会計,expenditure,08,教育費,02,小学校費,10,学校施設建設費,1903420,1903420,0,ok,3,8,derived,false
2026_general_expenditure_08_02_11,2026,general,一般会計,expenditure,08,教育費,02,小学校費,11,校外施設費,136557,136557,0,ok,1,7,derived,false
2026_general_expenditure_08_03_01,2026,general,一般会計,expenditure,08,教育費,03,中学校費,01,学校管理費,2482941,2482941,0,ok,5,9,derived,false
2026_general_expenditure_08_03_02,2026,general,一般会計,expenditure,08,教育費,03,中学校費,02,教育振興費,198479,198479,0,ok,2,1,derived,false
2026_general_expenditure_08_03_03,2026,general,一般会計,expenditure,08,教育費,03,中学校費,03,学校給食費,0,0,0,ok_zero_amount,3,0,derived,true
2026_general_expenditure_08_03_04,2026,general,一般会計,expenditure,08,教育費,03,中学校費,04,学校保健費,185032,185032,0,ok,4,8,derived,false
2026_general_expenditure_08_03_05,2026,general,一般会計,expenditure,08,教育費,03,中学校費,05,学校施設充実費,2339256,2339256,0,ok,3,6,derived,false
2026_general_expenditure_08_03_09,2026,general,一般会計,expenditure,08,教育費,03,中学校費,09,学校施設建設費,4847958,4847958,0,ok,3,6,derived,false
2026_general_expenditure_08_03_10,2026,general,一般会計,expenditure,08,教育費,03,中学校費,10,校外施設費,199204,199204,0,ok,4,10,derived,false
2026_general_expenditure_08_04_01,2026,general,一般会計,expenditure,08,教育費,04,校外施設費,01,校外施設費,0,0,0,ok_zero_amount,4,0,derived,true
2026_general_expenditure_08_05_01,2026,general,一般会計,expenditure,08,教育費,05,幼稚園費,01,幼稚園管理費,679063,679063,0,ok,5,11,derived,false
2026_general_expenditure_08_05_02,2026,general,一般会計,expenditure,08,教育費,05,幼稚園費,02,幼稚園保健費,10390,10390,0,ok,4,7,derived,false
2026_general_expenditure_08_06_01,2026,general,一般会計,expenditure,08,教育費,06,社会教育費,01,社会教育総務費,1209241,1209241,0,ok,5,7,derived,false
2026_general_expenditure_08_06_02,2026,general,一般会計,expenditure,08,教育費,06,社会教育費,02,社会教育活動費,80053,80053,0,ok,9,8,derived,false
2026_general_expenditure_08_06_03,2026,general,一般会計,expenditure,08,教育費,06,社会教育費,03,文化財費,258039,258039,0,ok,8,11,derived,false
2026_general_expenditure_08_06_04,2026,general,一般会計,expenditure,08,教育費,06,社会教育費,04,図書館費,1752147,1752147,0,ok,12,10,derived,false
2026_general_expenditure_08_06_06,2026,general,一般会計,expenditure,08,教育費,06,社会教育費,06,資料館費,55312,55312,0,ok,4,8,derived,false
2026_general_expenditure_08_06_08,2026,general,一般会計,expenditure,08,教育費,06,社会教育費,08,図書館建設費,0,0,0,ok_zero_amount,1,0,derived,true
2026_general_expenditure_08_08_01,2026,general,一般会計,expenditure,08,教育費,08,学校給食管理費,01,学校給食管理費,9261258,9261258,0,ok,7,10,derived,false
2026_general_expenditure_09_01_01,2026,general,一般会計,expenditure,09,職員費,01,職員費,01,議会職員費,244157,244157,0,ok,1,3,derived,false
2026_general_expenditure_09_01_02,2026,general,一般会計,expenditure,09,職員費,01,職員費,02,総務職員費,25207658,25207658,0,ok,13,6,derived,false
2026_general_expenditure_09_01_03,2026,general,一般会計,expenditure,09,職員費,01,職員費,03,民生職員費,22389142,22389142,0,ok,14,5,derived,false
2026_general_expenditure_09_01_04,2026,general,一般会計,expenditure,09,職員費,01,職員費,04,環境職員費,757277,757277,0,ok,3,5,derived,false
2026_general_expenditure_09_01_05,2026,general,一般会計,expenditure,09,職員費,01,職員費,05,衛生職員費,2794547,2794547,0,ok,8,5,derived,false
2026_general_expenditure_09_01_06,2026,general,一般会計,expenditure,09,職員費,01,職員費,06,産業経済職員費,532618,532618,0,ok,1,3,derived,false
2026_general_expenditure_09_01_07,2026,general,一般会計,expenditure,09,職員費,01,職員費,07,土木職員費,5593694,5593694,0,ok,2,5,derived,false
2026_general_expenditure_09_01_08,2026,general,一般会計,expenditure,09,職員費,01,職員費,08,教育職員費,9805691,9805691,0,ok,6,5,derived,false
2026_general_expenditure_09_01_09,2026,general,一般会計,expenditure,09,職員費,01,職員費,09,学校職員費,1896509,1896509,0,ok,2,3,derived,false
2026_general_expenditure_09_01_10,2026,general,一般会計,expenditure,09,職員費,01,職員費,10,清掃職員費,2539915,2539915,0,ok,1,3,derived,false
2026_general_expenditure_10_01_01,2026,general,一般会計,expenditure,10,公債費,01,公債費,01,一時借入金,5137,5137,0,ok,1,1,derived,false
2026_general_expenditure_10_01_02,2026,general,一般会計,expenditure,10,公債費,01,公債費,02,元金,3408955,3408955,0,ok,1,1,derived,false
2026_general_expenditure_10_01_03,2026,general,一般会計,expenditure,10,公債費,01,公債費,03,利子,357591,357591,0,ok,1,1,derived,false
2026_general_expenditure_10_01_04,2026,general,一般会計,expenditure,10,公債費,01,公債費,04,公債諸費,14117,14117,0,ok,1,2,derived,false
2026_general_expenditure_11_01_01,2026,general,一般会計,expenditure,11,諸支出金,01,財政積立金,01,財政積立金,287299,287299,0,ok,2,1,derived,false
2026_general_expenditure_12_01_01,2026,general,一般会計,expenditure,12,予備費,01,予備費,01,予備費,500000,500000,0,ok,1,1,derived,false
2026_latter_stage_elderly_healthcare_expenditure_61_01_01,2026,latter_stage_elderly_healthcare,後期高齢者医療会計,expenditure,61,総務費,01,総務管理費,01,一般管理費,679956,679956,0,ok,3,7,derived,false
2026_latter_stage_elderly_healthcare_expenditure_62_01_01,2026,latter_stage_elderly_healthcare,後期高齢者医療会計,expenditure,62,分担金及負担金,01,広域連合負担金,01,広域連合分賦金,27794600,27794600,0,ok,5,1,derived,false
2026_latter_stage_elderly_healthcare_expenditure_63_01_01,2026,latter_stage_elderly_healthcare,後期高齢者医療会計,expenditure,63,保健事業費,01,保健事業費,01,健康診査費,667092,667092,0,ok,1,5,derived,false
2026_latter_stage_elderly_healthcare_expenditure_63_01_02,2026,latter_stage_elderly_healthcare,後期高齢者医療会計,expenditure,63,保健事業費,01,保健事業費,02,その他健康保持増進費,4642,4642,0,ok,1,1,derived,false
2026_latter_stage_elderly_healthcare_expenditure_64_01_01,2026,latter_stage_elderly_healthcare,後期高齢者医療会計,expenditure,64,職員費,01,職員費,01,職員費,203106,203106,0,ok,3,5,derived,false
2026_latter_stage_elderly_healthcare_expenditure_65_01_03,2026,latter_stage_elderly_healthcare,後期高齢者医療会計,expenditure,65,諸支出金,01,償還金及還付加算金,03,保険料還付金及還付加算金,35400,35400,0,ok,3,1,derived,false
2026_latter_stage_elderly_healthcare_expenditure_66_01_01,2026,latter_stage_elderly_healthcare,後期高齢者医療会計,expenditure,66,予備費,01,予備費,01,予備費,30000,30000,0,ok,1,1,derived,false
2026_long_term_care_insurance_expenditure_41_01_01,2026,long_term_care_insurance,介護保険事業会計,expenditure,41,総務費,01,総務管理費,01,一般管理費,374163,374163,0,ok,2,6,derived,false
2026_long_term_care_insurance_expenditure_41_02_01,2026,long_term_care_insurance,介護保険事業会計,expenditure,41,総務費,02,介護認定審査会費,01,介護認定審査会費,494142,494142,0,ok,1,7,derived,false
2026_long_term_care_insurance_expenditure_41_03_01,2026,long_term_care_insurance,介護保険事業会計,expenditure,41,総務費,03,趣旨普及費,01,趣旨普及費,4205,4205,0,ok,1,2,derived,false
2026_long_term_care_insurance_expenditure_42_01_01,2026,long_term_care_insurance,介護保険事業会計,expenditure,42,保険給付費,01,介護サービス等諸費,01,居宅介護サービス給付費,38847776,38847776,0,ok,1,1,derived,false
2026_long_term_care_insurance_expenditure_42_01_02,2026,long_term_care_insurance,介護保険事業会計,expenditure,42,保険給付費,01,介護サービス等諸費,02,施設介護サービス給付費,13763000,13763000,0,ok,1,1,derived,false
2026_long_term_care_insurance_expenditure_42_01_03,2026,long_term_care_insurance,介護保険事業会計,expenditure,42,保険給付費,01,介護サービス等諸費,03,居宅介護福祉用具購入費,93376,93376,0,ok,1,1,derived,false
2026_long_term_care_insurance_expenditure_42_01_04,2026,long_term_care_insurance,介護保険事業会計,expenditure,42,保険給付費,01,介護サービス等諸費,04,居宅介護住宅改修費,142779,142779,0,ok,1,1,derived,false
2026_long_term_care_insurance_expenditure_42_01_05,2026,long_term_care_insurance,介護保険事業会計,expenditure,42,保険給付費,01,介護サービス等諸費,05,居宅介護サービス計画給付費,3926000,3926000,0,ok,1,1,derived,false
2026_long_term_care_insurance_expenditure_42_01_06,2026,long_term_care_insurance,介護保険事業会計,expenditure,42,保険給付費,01,介護サービス等諸費,06,地域密着型介護サービス給付費,9591000,9591000,0,ok,1,1,derived,false
2026_long_term_care_insurance_expenditure_42_03_01,2026,long_term_care_insurance,介護保険事業会計,expenditure,42,保険給付費,03,その他諸費,01,審査支払手数料,84929,84929,0,ok,1,1,derived,false
2026_long_term_care_insurance_expenditure_42_04_01,2026,long_term_care_insurance,介護保険事業会計,expenditure,42,保険給付費,04,高額介護サービス等費,01,高額介護サービス費,2361028,2361028,0,ok,1,1,derived,false
2026_long_term_care_insurance_expenditure_42_04_03,2026,long_term_care_insurance,介護保険事業会計,expenditure,42,保険給付費,04,高額介護サービス等費,03,高額介護予防サービス費,4995,4995,0,ok,1,1,derived,false
2026_long_term_care_insurance_expenditure_42_06_01,2026,long_term_care_insurance,介護保険事業会計,expenditure,42,保険給付費,06,介護予防サービス等諸費,01,介護予防サービス給付費,1338000,1338000,0,ok,1,1,derived,false
2026_long_term_care_insurance_expenditure_42_06_02,2026,long_term_care_insurance,介護保険事業会計,expenditure,42,保険給付費,06,介護予防サービス等諸費,02,地域密着型介護予防サービス給付費,35885,35885,0,ok,1,1,derived,false
2026_long_term_care_insurance_expenditure_42_06_03,2026,long_term_care_insurance,介護保険事業会計,expenditure,42,保険給付費,06,介護予防サービス等諸費,03,介護予防福祉用具購入費,17108,17108,0,ok,1,1,derived,false
2026_long_term_care_insurance_expenditure_42_06_04,2026,long_term_care_insurance,介護保険事業会計,expenditure,42,保険給付費,06,介護予防サービス等諸費,04,介護予防住宅改修費,80511,80511,0,ok,1,1,derived,false
2026_long_term_care_insurance_expenditure_42_06_05,2026,long_term_care_insurance,介護保険事業会計,expenditure,42,保険給付費,06,介護予防サービス等諸費,05,介護予防サービス計画給付費,243457,243457,0,ok,1,1,derived,false
2026_long_term_care_insurance_expenditure_42_07_01,2026,long_term_care_insurance,介護保険事業会計,expenditure,42,保険給付費,07,特定入所者介護サービス等費,01,特定入所者介護サービス費,665690,665690,0,ok,1,1,derived,false
2026_long_term_care_insurance_expenditure_42_07_03,2026,long_term_care_insurance,介護保険事業会計,expenditure,42,保険給付費,07,特定入所者介護サービス等費,03,特定入所者介護予防サービス費,403,403,0,ok,1,1,derived,false
2026_long_term_care_insurance_expenditure_42_09_01,2026,long_term_care_insurance,介護保険事業会計,expenditure,42,保険給付費,09,高額医療合算介護サービス等費,01,高額医療合算介護サービス費,432570,432570,0,ok,1,1,derived,false
2026_long_term_care_insurance_expenditure_42_09_02,2026,long_term_care_insurance,介護保険事業会計,expenditure,42,保険給付費,09,高額医療合算介護サービス等費,02,高額医療合算介護予防サービス費,4569,4569,0,ok,1,1,derived,false
2026_long_term_care_insurance_expenditure_45_01_01,2026,long_term_care_insurance,介護保険事業会計,expenditure,45,基金積立金,01,基金積立金,01,介護給付費準備基金積立金,65792,65792,0,ok,1,1,derived,false
2026_long_term_care_insurance_expenditure_46_01_01,2026,long_term_care_insurance,介護保険事業会計,expenditure,46,職員費,01,職員費,01,職員費,927298,927298,0,ok,3,5,derived,false
2026_long_term_care_insurance_expenditure_48_01_02,2026,long_term_care_insurance,介護保険事業会計,expenditure,48,諸支出金,01,償還金及還付加算金,02,償還金,0,0,0,ok_zero_amount,1,0,derived,true
2026_long_term_care_insurance_expenditure_48_01_04,2026,long_term_care_insurance,介護保険事業会計,expenditure,48,諸支出金,01,償還金及還付加算金,04,第１号被保険者保険料還付金及還付加算金,43417,43417,0,ok,3,1,derived,false
2026_long_term_care_insurance_expenditure_48_02_01,2026,long_term_care_insurance,介護保険事業会計,expenditure,48,諸支出金,02,繰出金,01,他会計繰出金,255661,255661,0,ok,1,1,derived,false
2026_long_term_care_insurance_expenditure_49_02_01,2026,long_term_care_insurance,介護保険事業会計,expenditure,49,地域支援事業費,02,包括支援事業・任意事業費,01,包括的支援事業費,172027,172027,0,ok,3,6,derived,false
2026_long_term_care_insurance_expenditure_49_02_02,2026,long_term_care_insurance,介護保険事業会計,expenditure,49,地域支援事業費,02,包括支援事業・任意事業費,02,任意事業費,290146,290146,0,ok,7,6,derived,false
2026_long_term_care_insurance_expenditure_49_03_01,2026,long_term_care_insurance,介護保険事業会計,expenditure,49,地域支援事業費,03,介護予防・日常生活支援総合事業費,01,介護予防・日常生活支援総合事業費,1769026,1769026,0,ok,4,5,derived,false
2026_long_term_care_insurance_expenditure_50_01_01,2026,long_term_care_insurance,介護保険事業会計,expenditure,50,予備費,01,予備費,01,予備費,30000,30000,0,ok,1,1,derived,false
2026_national_health_insurance_expenditure_21_01_01,2026,national_health_insurance,国民健康保険事業会計,expenditure,21,総務費,01,総務管理費,01,一般管理費,1137613,1137613,0,ok,2,7,derived,false
2026_national_health_insurance_expenditure_21_01_02,2026,national_health_insurance,国民健康保険事業会計,expenditure,21,総務費,01,総務管理費,02,運営協議会費,524,524,0,ok,1,3,derived,false
2026_national_health_insurance_expenditure_21_01_03,2026,national_health_insurance,国民健康保険事業会計,expenditure,21,総務費,01,総務管理費,03,趣旨普及費,5606,5606,0,ok,1,3,derived,false
2026_national_health_insurance_expenditure_21_01_04,2026,national_health_insurance,国民健康保険事業会計,expenditure,21,総務費,01,総務管理費,04,連合会負担金,16525,16525,0,ok,1,1,derived,false
2026_national_health_insurance_expenditure_22_01_01,2026,national_health_insurance,国民健康保険事業会計,expenditure,22,保険給付費,01,療養諸費,01,療養給付費,41817513,41817513,0,ok,1,1,derived,false
2026_national_health_insurance_expenditure_22_01_03,2026,national_health_insurance,国民健康保険事業会計,expenditure,22,保険給付費,01,療養諸費,03,療養費,566541,566541,0,ok,1,1,derived,false
2026_national_health_insurance_expenditure_22_01_05,2026,national_health_insurance,国民健康保険事業会計,expenditure,22,保険給付費,01,療養諸費,05,審査支払手数料,217239,217239,0,ok,1,1,derived,false
2026_national_health_insurance_expenditure_22_02_01,2026,national_health_insurance,国民健康保険事業会計,expenditure,22,保険給付費,02,高額療養費,01,高額療養費,5886421,5886421,0,ok,1,1,derived,false
2026_national_health_insurance_expenditure_22_02_03,2026,national_health_insurance,国民健康保険事業会計,expenditure,22,保険給付費,02,高額療養費,03,高額介護合算療養費,8024,8024,0,ok,1,1,derived,false
2026_national_health_insurance_expenditure_22_03_02,2026,national_health_insurance,国民健康保険事業会計,expenditure,22,保険給付費,03,出産育児費,02,出産育児一時金,260500,260500,0,ok,1,1,derived,false
2026_national_health_insurance_expenditure_22_03_03,2026,national_health_insurance,国民健康保険事業会計,expenditure,22,保険給付費,03,出産育児費,03,支払手数料,110,110,0,ok,1,1,derived,false
2026_national_health_insurance_expenditure_22_04_01,2026,national_health_insurance,国民健康保険事業会計,expenditure,22,保険給付費,04,葬祭費,01,葬祭費,36400,36400,0,ok,1,1,derived,false
2026_national_health_insurance_expenditure_22_06_01,2026,national_health_insurance,国民健康保険事業会計,expenditure,22,保険給付費,06,移送費,01,移送費,300,300,0,ok,1,1,derived,false
2026_national_health_insurance_expenditure_22_07_01,2026,national_health_insurance,国民健康保険事業会計,expenditure,22,保険給付費,07,結核・精神医療給付金,01,結核・精神医療給付金,77084,77084,0,ok,1,1,derived,false
2026_national_health_insurance_expenditure_22_08_01,2026,national_health_insurance,国民健康保険事業会計,expenditure,22,保険給付費,08,傷病手当金,01,傷病手当金,0,0,0,ok_zero_amount,1,0,derived,true
2026_national_health_insurance_expenditure_25_02_01,2026,national_health_insurance,国民健康保険事業会計,expenditure,25,保健事業費,02,特定健康診査等事業費,01,特定健康診査等事業費,813676,813676,0,ok,1,7,derived,false
2026_national_health_insurance_expenditure_26_01_01,2026,national_health_insurance,国民健康保険事業会計,expenditure,26,職員費,01,職員費,01,職員費,854708,854708,0,ok,3,5,derived,false
2026_national_health_insurance_expenditure_27_03_01,2026,national_health_insurance,国民健康保険事業会計,expenditure,27,諸支出金,03,償還金及還付加算金,01,保険料還付金及還付加算金,205650,205650,0,ok,3,1,derived,false
2026_national_health_insurance_expenditure_27_03_03,2026,national_health_insurance,国民健康保険事業会計,expenditure,27,諸支出金,03,償還金及還付加算金,03,償還金,0,0,0,ok_zero_amount,1,0,derived,true
2026_national_health_insurance_expenditure_32_01_01,2026,national_health_insurance,国民健康保険事業会計,expenditure,32,国民健康保険事業費納付金,01,医療給付費分,01,医療給付費分,20790477,20790477,0,ok,1,1,derived,false
2026_national_health_insurance_expenditure_32_02_01,2026,national_health_insurance,国民健康保険事業会計,expenditure,32,国民健康保険事業費納付金,02,後期高齢者支援金等分,01,後期高齢者支援金等分,7764099,7764099,0,ok,1,1,derived,false
2026_national_health_insurance_expenditure_32_03_01,2026,national_health_insurance,国民健康保険事業会計,expenditure,32,国民健康保険事業費納付金,03,介護納付金分,01,介護納付金分,3051753,3051753,0,ok,1,1,derived,false
2026_national_health_insurance_expenditure_32_04_01,2026,national_health_insurance,国民健康保険事業会計,expenditure,32,国民健康保険事業費納付金,04,子ども・子育て支援金分,01,子ども・子育て支援金分,666142,666142,0,ok,1,1,derived,false
2026_national_health_insurance_expenditure_34_01_01,2026,national_health_insurance,国民健康保険事業会計,expenditure,34,予備費,01,予備費,01,予備費,30000,30000,0,ok,1,1,derived,false
2026_school_lunch_fee_expenditure_71_01_01,2026,school_lunch_fee,学校給食費会計,expenditure,71,学校給食費,01,給食費,01,給食費,0,0,0,ok_zero_amount,1,0,derived,true
