raw_allocation_id,source_file,pdf_page,budget_book_page,fiscal_year,account_code,account_name,kan_code,kan_name,kou_code,kou_name,moku_code,moku_name,setsu_code,setsu_name,saisetsu_code,pdf_revenue_detail_name,pdf_department_name,pdf_revenue_amount_thousand_yen,allocation_sequence,pdf_target_program_name,target_budget_book_page,raw_text,parse_status,parse_note
ra_2026_general_052_001,r8tousyoyosanallpage.pdf,52,97,2026,general,一般会計,11,分担金及負担金,01,負担金,01,民生費負担金,01,老人福祉施設費,01,養護老人ホーム入所者負担金,高齢福祉部,50235,1,養護老人ホーム入所措置,363,"1 養護老人ホーム入所者負担金(高齢福祉部) 50,235
充当事業:養護老人ホーム入所措置・P363",parsed,
ra_2026_general_052_002,r8tousyoyosanallpage.pdf,52,97,2026,general,一般会計,11,分担金及負担金,01,負担金,01,民生費負担金,04,保育所費,01,区立保育園入所者負担金,子ども・若者部,11767,1,区立保育園運営,381,"1 区立保育園入所者負担金(子ども・若者部) 11,767
充当事業:区立保育園運営・P381",parsed,
ra_2026_general_052_003,r8tousyoyosanallpage.pdf,52,97,2026,general,一般会計,11,分担金及負担金,01,負担金,01,民生費負担金,05,児童保護費,01,入院助産入所者負担金,子ども・若者部,732,1,入院助産措置,381,"1 入院助産入所者負担金(子ども・若者部) 732
充当事業:入院助産措置・P381",parsed,
ra_2026_general_052_004,r8tousyoyosanallpage.pdf,52,97,2026,general,一般会計,11,分担金及負担金,01,負担金,01,民生費負担金,08,母子生活支援施設費,02,私立母子生活支援施設入所者負担金,子ども・若者部,226,1,私立母子生活支援施設への保護委託,381,"2 私立母子生活支援施設入所者負担金(子ども・若者部) 226
充当事業:私立母子生活支援施設への保護委託・P381",parsed,
ra_2026_general_052_005,r8tousyoyosanallpage.pdf,52,97,2026,general,一般会計,11,分担金及負担金,01,負担金,01,民生費負担金,08,母子生活支援施設費,04,区立母子生活支援施設入所者負担金,子ども・若者部,395,1,ひとり親家庭への支援,377,"4 区立母子生活支援施設入所者負担金(子ども・若者部) 395
充当事業:ひとり親家庭への支援・P377",parsed,
ra_2026_general_052_006,r8tousyoyosanallpage.pdf,52,97,2026,general,一般会計,11,分担金及負担金,01,負担金,01,民生費負担金,11,児童養護施設退所者等住宅支援費,01,児童養護施設退所者等入居者負担金,子ども・若者部,500,1,児童養護施設退所者等支援事業,377,"1 児童養護施設退所者等入居者負担金(子ども・若者部) 500
充当事業:児童養護施設退所者等支援事業・P377",parsed,
ra_2026_general_052_007,r8tousyoyosanallpage.pdf,52,97,2026,general,一般会計,11,分担金及負担金,01,負担金,01,民生費負担金,12,児童福祉施設等費,01,児童福祉施設等入所者負担金,子ども・若者部,10219,1,児童福祉施設等への措置費支弁,385,"1 児童福祉施設等入所者負担金(子ども・若者部) 10,219
充当事業:児童福祉施設等への措置費支弁・P385",parsed,
ra_2026_general_052_008,r8tousyoyosanallpage.pdf,52,97,2026,general,一般会計,11,分担金及負担金,01,負担金,01,民生費負担金,13,障害児入所施設費,01,障害児施設入所者負担金,子ども・若者部,960,1,児童福祉施設等への措置費支弁,385,"1 障害児施設入所者負担金(子ども・若者部) 960
充当事業:児童福祉施設等への措置費支弁・P385",parsed,
ra_2026_general_052_009,r8tousyoyosanallpage.pdf,52,97,2026,general,一般会計,11,分担金及負担金,01,負担金,01,民生費負担金,14,措置費共同経理費,01,措置費共同経理負担金,子ども・若者部,118,1,児童福祉施設等への措置費支弁,385,"1 措置費共同経理負担金(子ども・若者部) 118
充当事業:児童福祉施設等への措置費支弁・P385",parsed,
ra_2026_general_052_010,r8tousyoyosanallpage.pdf,52,97,2026,general,一般会計,11,分担金及負担金,01,負担金,01,民生費負担金,14,措置費共同経理費,02,措置費共同経理負担金,DX推進担当部,3478,1,共通基盤システム運用,321,"2 措置費共同経理負担金(DX推進担当部) 3,478
充当事業:共通基盤システム運用・P321",parsed,
ra_2026_general_052_011,r8tousyoyosanallpage.pdf,52,97,2026,general,一般会計,11,分担金及負担金,01,負担金,03,土木費負担金,02,多摩川玉堤広場管理費,01,多摩川玉堤広場共同管理負担金,みどり33推進担当部,85386,1,多摩川玉堤広場維持管理,431,"1 多摩川玉堤広場共同管理負担金(みどり33推進担当部) 85,386
充当事業:多摩川玉堤広場維持管理・P431",parsed,
ra_2026_general_052_012,r8tousyoyosanallpage.pdf,52,97,2026,general,一般会計,11,分担金及負担金,01,負担金,03,土木費負担金,06,無電柱化整備費,01,無電柱化事業建設負担金(世田谷・北沢・烏山),土木部,9725,1,無電柱化整備(世田谷・北沢・烏山),423,"1 無電柱化事業建設負担金(世田谷・北沢・烏山)(土木部) 9,725
充当事業:無電柱化整備(世田谷・北沢・烏山)・P423",parsed,
ra_2026_general_053_001,r8tousyoyosanallpage.pdf,53,44,2026,general,一般会計,12,使用料及手数料,01,使用料,01,総務使用料,01,区民会館,05,烏山区民会館,烏山総合支所,28699,1,烏山区民会館・区民センター維持運営,335,"5 烏山区民会館(烏山総合支所) 28,699
充当事業:烏山区民会館・区民センター維持運営・P335",parsed,
ra_2026_general_053_002,r8tousyoyosanallpage.pdf,53,44,2026,general,一般会計,12,使用料及手数料,01,使用料,01,総務使用料,01,区民会館,07,世田谷区民会館,生活文化政策部,92648,1,世田谷区民会館維持運営,337,"7 世田谷区民会館(生活文化政策部) 92,648
充当事業:世田谷区民会館維持運営・P337",parsed,
ra_2026_general_053_003,r8tousyoyosanallpage.pdf,53,44,2026,general,一般会計,12,使用料及手数料,01,使用料,01,総務使用料,02,区民センター,01,烏山区民センター,烏山総合支所,5474,1,烏山区民会館・区民センター維持運営,335,"1 烏山区民センター(烏山総合支所) 5,474
充当事業:烏山区民会館・区民センター維持運営・P335",parsed,
ra_2026_general_053_004,r8tousyoyosanallpage.pdf,53,44,2026,general,一般会計,12,使用料及手数料,01,使用料,01,総務使用料,02,区民センター,02,太子堂区民センター,世田谷総合支所,6355,1,太子堂区民センター維持運営,333,"2 太子堂区民センター(世田谷総合支所) 6,355
充当事業:太子堂区民センター維持運営・P333",parsed,
ra_2026_general_053_005,r8tousyoyosanallpage.pdf,53,44,2026,general,一般会計,12,使用料及手数料,01,使用料,01,総務使用料,02,区民センター,03,弦巻区民センター,世田谷総合支所,8761,1,弦巻区民センター維持運営,333,"3 弦巻区民センター(世田谷総合支所) 8,761
充当事業:弦巻区民センター維持運営・P333",parsed,
ra_2026_general_053_006,r8tousyoyosanallpage.pdf,53,44,2026,general,一般会計,12,使用料及手数料,01,使用料,01,総務使用料,02,区民センター,04,宮坂区民センター,世田谷総合支所,15334,1,宮坂区民センター維持運営,333,"4 宮坂区民センター(世田谷総合支所) 15,334
充当事業:宮坂区民センター維持運営・P333",parsed,
ra_2026_general_053_007,r8tousyoyosanallpage.pdf,53,44,2026,general,一般会計,12,使用料及手数料,01,使用料,01,総務使用料,02,区民センター,05,代田区民センター,北沢総合支所,6387,1,代田区民センター維持運営,335,"5 代田区民センター(北沢総合支所) 6,387
充当事業:代田区民センター維持運営・P335",parsed,
ra_2026_general_053_008,r8tousyoyosanallpage.pdf,53,44,2026,general,一般会計,12,使用料及手数料,01,使用料,01,総務使用料,02,区民センター,06,深沢区民センター,玉川総合支所,3750,1,玉川地域区民センター維持運営,335,"6 深沢区民センター(玉川総合支所) 3,750
充当事業:玉川地域区民センター維持運営・P335",parsed,
ra_2026_general_053_009,r8tousyoyosanallpage.pdf,53,44,2026,general,一般会計,12,使用料及手数料,01,使用料,01,総務使用料,02,区民センター,07,奥沢区民センター,玉川総合支所,2110,1,玉川地域区民センター維持運営,335,"7 奥沢区民センター(玉川総合支所) 2,110
充当事業:玉川地域区民センター維持運営・P335",parsed,
ra_2026_general_053_010,r8tousyoyosanallpage.pdf,53,44,2026,general,一般会計,12,使用料及手数料,01,使用料,01,総務使用料,02,区民センター,08,玉川台区民センター,玉川総合支所,4920,1,玉川地域区民センター維持運営,335,"8 玉川台区民センター(玉川総合支所) 4,920
充当事業:玉川地域区民センター維持運営・P335",parsed,
ra_2026_general_053_011,r8tousyoyosanallpage.pdf,53,44,2026,general,一般会計,12,使用料及手数料,01,使用料,01,総務使用料,02,区民センター,09,上北沢区民センター,烏山総合支所,3530,1,上北沢区民センター維持運営,335,"9 上北沢区民センター(烏山総合支所) 3,530
充当事業:上北沢区民センター維持運営・P335",parsed,
ra_2026_general_053_012,r8tousyoyosanallpage.pdf,53,44,2026,general,一般会計,12,使用料及手数料,01,使用料,01,総務使用料,02,区民センター,10,粕谷区民センター,烏山総合支所,4731,1,粕谷区民センター維持運営,335,"10 粕谷区民センター(烏山総合支所) 4,731
充当事業:粕谷区民センター維持運営・P335",parsed,
ra_2026_general_053_013,r8tousyoyosanallpage.pdf,53,44,2026,general,一般会計,12,使用料及手数料,01,使用料,01,総務使用料,02,区民センター,11,鎌田区民センター,砧総合支所,5810,1,鎌田区民センター維持運営,335,"11 鎌田区民センター(砧総合支所) 5,810
充当事業:鎌田区民センター維持運営・P335",parsed,
ra_2026_general_053_014,r8tousyoyosanallpage.pdf,53,44,2026,general,一般会計,12,使用料及手数料,01,使用料,01,総務使用料,02,区民センター,12,桜丘区民センター,世田谷総合支所,10273,1,桜丘区民センター維持運営,333,"12 桜丘区民センター(世田谷総合支所) 10,273
充当事業:桜丘区民センター維持運営・P333",parsed,
ra_2026_general_053_015,r8tousyoyosanallpage.pdf,53,44,2026,general,一般会計,12,使用料及手数料,01,使用料,01,総務使用料,03,食堂施設,06,上北沢区民センター,烏山総合支所,489,1,上北沢区民センター維持運営,335,"6 上北沢区民センター(烏山総合支所) 489
充当事業:上北沢区民センター維持運営・P335",parsed,
ra_2026_general_053_016,r8tousyoyosanallpage.pdf,53,44,2026,general,一般会計,12,使用料及手数料,01,使用料,01,総務使用料,03,食堂施設,08,宮坂区民センター,世田谷総合支所,435,1,宮坂区民センター維持運営,333,"8 宮坂区民センター(世田谷総合支所) 435
充当事業:宮坂区民センター維持運営・P333",parsed,
ra_2026_general_053_017,r8tousyoyosanallpage.pdf,53,44,2026,general,一般会計,12,使用料及手数料,01,使用料,01,総務使用料,05,総務施設,01,庁舎,庁舎整備担当部,3974,1,庁舎維持管理,317,"1 庁舎(庁舎整備担当部) 3,974
充当事業:庁舎維持管理・P317",parsed,
ra_2026_general_053_018,r8tousyoyosanallpage.pdf,53,44,2026,general,一般会計,12,使用料及手数料,01,使用料,01,総務使用料,05,総務施設,02,玉川総合支所,玉川総合支所,6222,1,玉川総合支所維持管理,331,"2 玉川総合支所(玉川総合支所) 6,222
充当事業:玉川総合支所維持管理・P331",parsed,
ra_2026_general_054_001,r8tousyoyosanallpage.pdf,54,101,2026,general,一般会計,12,使用料及手数料,01,使用料,01,総務使用料,05,総務施設,04,玉川地域出張所,玉川総合支所,44,1,玉川地域出張所維持運営,333,"4 玉川地域出張所(玉川総合支所) 44
充当事業:玉川地域出張所維持運営・P333",parsed,
ra_2026_general_054_002,r8tousyoyosanallpage.pdf,54,101,2026,general,一般会計,12,使用料及手数料,01,使用料,01,総務使用料,05,総務施設,05,砧地域出張所,砧総合支所,122,1,砧地域出張所維持運営,333,"5 砧地域出張所(砧総合支所) 122
充当事業:砧地域出張所維持運営・P333",parsed,
ra_2026_general_054_003,r8tousyoyosanallpage.pdf,54,101,2026,general,一般会計,12,使用料及手数料,01,使用料,01,総務使用料,05,総務施設,06,烏山区民センター,烏山総合支所,811,1,烏山区民会館・区民センター維持運営,335,"6 烏山区民センター(烏山総合支所) 811
充当事業:烏山区民会館・区民センター維持運営・P335",parsed,
ra_2026_general_054_004,r8tousyoyosanallpage.pdf,54,101,2026,general,一般会計,12,使用料及手数料,01,使用料,01,総務使用料,05,総務施設,12,砧地域地区会館,砧総合支所,44,1,砧地域地区会館維持運営,335,"12 砧地域地区会館(砧総合支所) 44
充当事業:砧地域地区会館維持運営・P335",parsed,
ra_2026_general_054_005,r8tousyoyosanallpage.pdf,54,101,2026,general,一般会計,12,使用料及手数料,01,使用料,01,総務使用料,05,総務施設,13,北沢地域出張所,北沢総合支所,50,1,北沢地域出張所維持運営,333,"13 北沢地域出張所(北沢総合支所) 50
充当事業:北沢地域出張所維持運営・P333",parsed,
ra_2026_general_054_006,r8tousyoyosanallpage.pdf,54,101,2026,general,一般会計,12,使用料及手数料,01,使用料,01,総務使用料,05,総務施設,14,桜丘区民センター,世田谷総合支所,58,1,桜丘区民センター維持運営,333,"14 桜丘区民センター(世田谷総合支所) 58
充当事業:桜丘区民センター維持運営・P333",parsed,
ra_2026_general_054_007,r8tousyoyosanallpage.pdf,54,101,2026,general,一般会計,12,使用料及手数料,01,使用料,01,総務使用料,05,総務施設,15,世田谷地域地区会館,世田谷総合支所,251,1,世田谷地域地区会館維持運営,333,"15 世田谷地域地区会館(世田谷総合支所) 251
充当事業:世田谷地域地区会館維持運営・P333",parsed,
ra_2026_general_054_008,r8tousyoyosanallpage.pdf,54,101,2026,general,一般会計,12,使用料及手数料,01,使用料,01,総務使用料,05,総務施設,17,烏山地域地区会館,烏山総合支所,151,1,烏山地域地区会館維持運営,335,"17 烏山地域地区会館(烏山総合支所) 151
充当事業:烏山地域地区会館維持運営・P335",parsed,
ra_2026_general_054_009,r8tousyoyosanallpage.pdf,54,101,2026,general,一般会計,12,使用料及手数料,01,使用料,01,総務使用料,05,総務施設,18,北沢タウンホール,北沢総合支所,5800,1,北沢総合支所維持管理,331,"18 北沢タウンホール(北沢総合支所) 5,800
充当事業:北沢総合支所維持管理・P331",parsed,
ra_2026_general_054_010,r8tousyoyosanallpage.pdf,54,101,2026,general,一般会計,12,使用料及手数料,01,使用料,01,総務使用料,05,総務施設,20,男女共同参画センター研修室,生活文化政策部,600,1,男女共同参画センター維持運営,329,"20 男女共同参画センター研修室(生活文化政策部) 600
充当事業:男女共同参画センター維持運営・P329",parsed,
ra_2026_general_054_011,r8tousyoyosanallpage.pdf,54,101,2026,general,一般会計,12,使用料及手数料,01,使用料,01,総務使用料,05,総務施設,34,粕谷区民センター,烏山総合支所,92,1,粕谷区民センター維持運営,335,"34 粕谷区民センター(烏山総合支所) 92
充当事業:粕谷区民センター維持運営・P335",parsed,
ra_2026_general_054_012,r8tousyoyosanallpage.pdf,54,101,2026,general,一般会計,12,使用料及手数料,01,使用料,01,総務使用料,05,総務施設,41,砧総合支所,砧総合支所,204,1,砧総合支所維持管理,331,"41 砧総合支所(砧総合支所) 204
充当事業:砧総合支所維持管理・P331",parsed,
ra_2026_general_054_013,r8tousyoyosanallpage.pdf,54,101,2026,general,一般会計,12,使用料及手数料,01,使用料,01,総務使用料,05,総務施設,43,区民健康村用地,生活文化政策部,213,1,区民健康村維持運営,339,"43 区民健康村用地(生活文化政策部) 213
充当事業:区民健康村維持運営・P339",parsed,
ra_2026_general_054_014,r8tousyoyosanallpage.pdf,54,101,2026,general,一般会計,12,使用料及手数料,01,使用料,01,総務使用料,05,総務施設,44,分庁舎,庁舎整備担当部,10,1,分庁舎維持管理,317,"44 分庁舎(庁舎整備担当部) 10
充当事業:分庁舎維持管理・P317",parsed,
ra_2026_general_054_015,r8tousyoyosanallpage.pdf,54,101,2026,general,一般会計,12,使用料及手数料,01,使用料,01,総務使用料,05,総務施設,47,大蔵第二運動公園運動施設,スポーツ推進部,1000,1,大蔵第二運動公園運動施設維持運営,341,"47 大蔵第二運動公園運動施設(スポーツ推進部) 1,000
充当事業:大蔵第二運動公園運動施設維持運営・P341",parsed,
ra_2026_general_054_016,r8tousyoyosanallpage.pdf,54,101,2026,general,一般会計,12,使用料及手数料,01,使用料,01,総務使用料,05,総務施設,48,弦巻区民センター,世田谷総合支所,587,1,弦巻区民センター維持運営,333,"48 弦巻区民センター(世田谷総合支所) 587
充当事業:弦巻区民センター維持運営・P333",parsed,
ra_2026_general_054_017,r8tousyoyosanallpage.pdf,54,101,2026,general,一般会計,12,使用料及手数料,01,使用料,01,総務使用料,05,総務施設,50,総合運動場,スポーツ推進部,440,1,総合運動場維持運営,341,"50 総合運動場(スポーツ推進部) 440
充当事業:総合運動場維持運営・P341",parsed,
ra_2026_general_054_018,r8tousyoyosanallpage.pdf,54,101,2026,general,一般会計,12,使用料及手数料,01,使用料,01,総務使用料,05,総務施設,51,千歳温水プール,スポーツ推進部,547,1,千歳温水プール維持運営,341,"51 千歳温水プール(スポーツ推進部) 547
充当事業:千歳温水プール維持運営・P341",parsed,
ra_2026_general_054_019,r8tousyoyosanallpage.pdf,54,101,2026,general,一般会計,12,使用料及手数料,01,使用料,01,総務使用料,05,総務施設,52,烏山総合支所,烏山総合支所,8,1,烏山総合支所維持管理,331,"52 烏山総合支所(烏山総合支所) 8
充当事業:烏山総合支所維持管理・P331",parsed,
ra_2026_general_054_020,r8tousyoyosanallpage.pdf,54,101,2026,general,一般会計,12,使用料及手数料,01,使用料,01,総務使用料,05,総務施設,54,上北沢区民センター,烏山総合支所,23,1,上北沢区民センター維持運営,335,"54 上北沢区民センター(烏山総合支所) 23
充当事業:上北沢区民センター維持運営・P335",parsed,
ra_2026_general_058_001,r8tousyoyosanallpage.pdf,58,109,2026,general,一般会計,12,使用料及手数料,01,使用料,,,,,,,,,1,がん検診,403,充当事業:がん検診・P403,needs_review,current_saisetsu_missing;current_setsu_missing;sample_gap_current_moku_missing
ra_2026_general_058_002,r8tousyoyosanallpage.pdf,58,109,2026,general,一般会計,12,使用料及手数料,01,使用料,,,,,32,健康者検便,世田谷保健所,329,1,感染症対策,407,"32 健康者検便(世田谷保健所) 329
充当事業:感染症対策・P407",needs_review,current_setsu_missing;sample_gap_current_moku_missing
ra_2026_general_058_003,r8tousyoyosanallpage.pdf,58,109,2026,general,一般会計,12,使用料及手数料,01,使用料,,,02,保健センター,03,健康増進,世田谷保健所,11510,1,保健センター事業運営,399,"3 健康増進(世田谷保健所) 11,510
充当事業:保健センター事業運営・P399",needs_review,sample_gap_current_moku_missing
ra_2026_general_058_004,r8tousyoyosanallpage.pdf,58,109,2026,general,一般会計,12,使用料及手数料,01,使用料,,,02,保健センター,06,胃がん検診,世田谷保健所,4053,1,がん検診,403,"6 胃がん検診(世田谷保健所) 4,053
充当事業:がん検診・P403",needs_review,sample_gap_current_moku_missing
ra_2026_general_058_005,r8tousyoyosanallpage.pdf,58,109,2026,general,一般会計,12,使用料及手数料,01,使用料,,,02,保健センター,07,乳がん検診,世田谷保健所,1444,1,がん検診,403,"7 乳がん検診(世田谷保健所) 1,444
充当事業:がん検診・P403",needs_review,sample_gap_current_moku_missing
ra_2026_general_058_006,r8tousyoyosanallpage.pdf,58,109,2026,general,一般会計,12,使用料及手数料,01,使用料,,,03,衛生施設,02,保健センター,保健福祉政策部,272,1,保健センター維持運営,399,"2 保健センター(保健福祉政策部) 272
充当事業:保健センター維持運営・P399",needs_review,sample_gap_current_moku_missing
ra_2026_general_058_007,r8tousyoyosanallpage.pdf,58,109,2026,general,一般会計,12,使用料及手数料,01,使用料,04,産業経済使用料,03,区民農園,01,区民農園,経済産業部,19565,1,区民農園維持運営,415,"1 区民農園(経済産業部) 19,565
充当事業:区民農園維持運営・P415",parsed,
ra_2026_general_058_008,r8tousyoyosanallpage.pdf,58,109,2026,general,一般会計,12,使用料及手数料,01,使用料,05,土木使用料,01,道路占用,25,電力関係,土木部,1297500,1,土木関係事務従事職員の人件費,471,"25 電力関係(土木部) 1,297,500
充当事業:土木関係事務従事職員の人件費・P471",parsed,
ra_2026_general_058_009,r8tousyoyosanallpage.pdf,58,109,2026,general,一般会計,12,使用料及手数料,01,使用料,05,土木使用料,01,道路占用,26,ガス関係,土木部,922900,1,道路側溝維持修繕(世田谷・北沢・烏山),423,"26 ガス関係(土木部) 922,900
充当事業:道路側溝維持修繕(世田谷・北沢・烏山)・P423",parsed,
ra_2026_general_058_010,r8tousyoyosanallpage.pdf,58,109,2026,general,一般会計,12,使用料及手数料,01,使用料,05,土木使用料,01,道路占用,26,ガス関係,土木部,,2,土木関係事務従事職員の人件費,471,"26 ガス関係(土木部) 922,900
充当事業:土木関係事務従事職員の人件費・P471",parsed,
ra_2026_general_058_011,r8tousyoyosanallpage.pdf,58,109,2026,general,一般会計,12,使用料及手数料,01,使用料,05,土木使用料,01,道路占用,28,電気通信関係,土木部,1101600,1,土木関係事務従事職員の人件費,471,"28 電気通信関係(土木部) 1,101,600
充当事業:土木関係事務従事職員の人件費・P471",parsed,
ra_2026_general_058_012,r8tousyoyosanallpage.pdf,58,109,2026,general,一般会計,12,使用料及手数料,01,使用料,05,土木使用料,01,道路占用,29,一般占用,土木部,425000,1,道路側溝維持修繕(世田谷・北沢・烏山),423,"29 一般占用(土木部) 425,000
充当事業:道路側溝維持修繕(世田谷・北沢・烏山)・P423",parsed,
ra_2026_general_058_013,r8tousyoyosanallpage.pdf,58,109,2026,general,一般会計,12,使用料及手数料,01,使用料,05,土木使用料,02,公共物占用,08,水路,土木部,19000,1,河川・水路維持管理(世田谷・北沢・烏山),429,"8 水路(土木部) 19,000
充当事業:河川・水路維持管理(世田谷・北沢・烏山)・P429",parsed,
ra_2026_general_058_014,r8tousyoyosanallpage.pdf,58,109,2026,general,一般会計,12,使用料及手数料,01,使用料,05,土木使用料,03,土木施設,01,自転車等駐車場,土木部,2904,1,自転車等駐車場等維持運営,425,"1 自転車等駐車場(土木部) 2,904
充当事業:自転車等駐車場等維持運営・P425",parsed,
ra_2026_general_058_015,r8tousyoyosanallpage.pdf,58,109,2026,general,一般会計,12,使用料及手数料,01,使用料,05,土木使用料,03,土木施設,06,公営住宅,都市整備政策部,247,1,公的住宅維持運営,437,"6 公営住宅(都市整備政策部) 247
充当事業:公的住宅維持運営・P437",parsed,
ra_2026_general_058_016,r8tousyoyosanallpage.pdf,58,109,2026,general,一般会計,12,使用料及手数料,01,使用料,05,土木使用料,03,土木施設,07,放置自転車等保管所,土木部,66,1,放置自転車対策,425,"7 放置自転車等保管所(土木部) 66
充当事業:放置自転車対策・P425",parsed,
ra_2026_general_058_017,r8tousyoyosanallpage.pdf,58,109,2026,general,一般会計,12,使用料及手数料,01,使用料,05,土木使用料,03,土木施設,10,土木管理事務所(世田谷・北沢・烏山),土木部,23,1,土木施設維持管理(世田谷・北沢・烏山),419,"10 土木管理事務所(世田谷・北沢・烏山)(土木部) 23
充当事業:土木施設維持管理(世田谷・北沢・烏山)・P419",parsed,
ra_2026_general_058_018,r8tousyoyosanallpage.pdf,58,109,2026,general,一般会計,12,使用料及手数料,01,使用料,05,土木使用料,05,公園占用,03,公園常時占用,みどり33推進担当部,10571,1,公園・身近な広場維持運営,431,"3 公園常時占用(みどり33推進担当部) 10,571
充当事業:公園・身近な広場維持運営・P431",parsed,
ra_2026_general_058_019,r8tousyoyosanallpage.pdf,58,109,2026,general,一般会計,12,使用料及手数料,01,使用料,05,土木使用料,05,公園占用,04,公園一時占用,みどり33推進担当部,27666,1,公園・身近な広場維持運営,431,"4 公園一時占用(みどり33推進担当部) 27,666
充当事業:公園・身近な広場維持運営・P431",parsed,
ra_2026_general_058_020,r8tousyoyosanallpage.pdf,58,109,2026,general,一般会計,12,使用料及手数料,01,使用料,05,土木使用料,06,公園施設,01,ミニSL,みどり33推進担当部,5360,1,ミニSL管理運営,431,"1 ミニSL(みどり33推進担当部) 5,360
充当事業:ミニSL管理運営・P431",parsed,
ra_2026_national_health_insurance_291_001,r8tousyoyosanallpage.pdf,291,575,2026,national_health_insurance,国民健康保険事業会計,27,繰入金,01,一般会計繰入金,01,一般会計繰入金,01,その他一般会計繰入金,40,特定健康診査等事業費,保健福祉政策部,589768,1,特定健康診査等事業費,607,"40 特定健康診査等事業費(保健福祉政策部) 589,768
充当事業:特定健康診査等事業費・P607",parsed,
ra_2026_national_health_insurance_291_002,r8tousyoyosanallpage.pdf,291,575,2026,national_health_insurance,国民健康保険事業会計,27,繰入金,01,一般会計繰入金,01,一般会計繰入金,01,その他一般会計繰入金,42,医療給付費分(納付金),保健福祉政策部,768515,1,医療給付費分納付金,613,"42 医療給付費分(納付金)(保健福祉政策部) 768,515
充当事業:医療給付費分納付金・P613",parsed,
ra_2026_national_health_insurance_291_003,r8tousyoyosanallpage.pdf,291,575,2026,national_health_insurance,国民健康保険事業会計,27,繰入金,01,一般会計繰入金,01,一般会計繰入金,01,その他一般会計繰入金,44,後期高齢者支援金分(納付金),保健福祉政策部,416382,1,後期高齢者支援金等分納付金,615,"44 後期高齢者支援金分(納付金)(保健福祉政策部) 416,382
充当事業:後期高齢者支援金等分納付金・P615",parsed,
ra_2026_national_health_insurance_291_004,r8tousyoyosanallpage.pdf,291,575,2026,national_health_insurance,国民健康保険事業会計,27,繰入金,01,一般会計繰入金,01,一般会計繰入金,01,その他一般会計繰入金,46,介護納付金分(納付金),保健福祉政策部,230960,1,介護納付金分納付金,617,"46 介護納付金分(納付金)(保健福祉政策部) 230,960
充当事業:介護納付金分納付金・P617",parsed,
ra_2026_national_health_insurance_291_005,r8tousyoyosanallpage.pdf,291,575,2026,national_health_insurance,国民健康保険事業会計,27,繰入金,01,一般会計繰入金,01,一般会計繰入金,01,その他一般会計繰入金,47,保険料還付加算金,保健福祉政策部,950,1,保険料還付加算金,611,"47 保険料還付加算金(保健福祉政策部) 950
充当事業:保険料還付加算金・P611",parsed,
ra_2026_national_health_insurance_291_006,r8tousyoyosanallpage.pdf,291,575,2026,national_health_insurance,国民健康保険事業会計,27,繰入金,01,一般会計繰入金,01,一般会計繰入金,01,その他一般会計繰入金,49,予備費,保健福祉政策部,30000,1,予備費,621,"49 予備費(保健福祉政策部) 30,000
充当事業:予備費・P621",parsed,
ra_2026_national_health_insurance_291_007,r8tousyoyosanallpage.pdf,291,575,2026,national_health_insurance,国民健康保険事業会計,27,繰入金,01,一般会計繰入金,01,一般会計繰入金,01,その他一般会計繰入金,52,子ども・子育て支援金分(納付金),保健福祉政策部,23585,1,子ども・子育て支援金分納付金,619,"52 子ども・子育て支援金分(納付金)(保健福祉政策部) 23,585
充当事業:子ども・子育て支援金分納付金・P619",parsed,
ra_2026_national_health_insurance_291_008,r8tousyoyosanallpage.pdf,291,575,2026,national_health_insurance,国民健康保険事業会計,27,繰入金,01,一般会計繰入金,01,一般会計繰入金,04,職員給与費等繰入金,01,職員給与費,保健福祉政策部,839878,1,国民健康保険事業会計関係事務従事職員の人件費,609,"1 職員給与費(保健福祉政策部) 839,878
充当事業:国民健康保険事業会計関係事務従事職員の人件費・P609",parsed,
ra_2026_national_health_insurance_291_009,r8tousyoyosanallpage.pdf,291,575,2026,national_health_insurance,国民健康保険事業会計,27,繰入金,01,一般会計繰入金,01,一般会計繰入金,04,職員給与費等繰入金,01,職員給与費,保健福祉政策部,,2,国民健康保険事業会計関係職員の人件費,609,"1 職員給与費(保健福祉政策部) 839,878
充当事業:国民健康保険事業会計関係職員の人件費・P609",parsed,
ra_2026_national_health_insurance_291_010,r8tousyoyosanallpage.pdf,291,575,2026,national_health_insurance,国民健康保険事業会計,27,繰入金,01,一般会計繰入金,01,一般会計繰入金,04,職員給与費等繰入金,01,職員給与費,保健福祉政策部,,3,会計年度任用職員の人件費(保健福祉政策部),609,"1 職員給与費(保健福祉政策部) 839,878
充当事業:会計年度任用職員の人件費(保健福祉政策部)・P609",parsed,
ra_2026_national_health_insurance_291_011,r8tousyoyosanallpage.pdf,291,575,2026,national_health_insurance,国民健康保険事業会計,27,繰入金,01,一般会計繰入金,01,一般会計繰入金,04,職員給与費等繰入金,02,一般管理,保健福祉政策部,776034,1,国民健康保険事業管理運営,591,"2 一般管理(保健福祉政策部) 776,034
充当事業:国民健康保険事業管理運営・P591",parsed,
ra_2026_national_health_insurance_291_012,r8tousyoyosanallpage.pdf,291,575,2026,national_health_insurance,国民健康保険事業会計,27,繰入金,01,一般会計繰入金,01,一般会計繰入金,04,職員給与費等繰入金,05,運営協議会,保健福祉政策部,524,1,国民健康保険運営協議会運営,593,"5 運営協議会(保健福祉政策部) 524
充当事業:国民健康保険運営協議会運営・P593",parsed,
ra_2026_national_health_insurance_291_013,r8tousyoyosanallpage.pdf,291,575,2026,national_health_insurance,国民健康保険事業会計,27,繰入金,01,一般会計繰入金,01,一般会計繰入金,04,職員給与費等繰入金,06,趣旨普及,保健福祉政策部,4644,1,国民健康保険事業趣旨普及,593,"6 趣旨普及(保健福祉政策部) 4,644
充当事業:国民健康保険事業趣旨普及・P593",parsed,
ra_2026_national_health_insurance_291_014,r8tousyoyosanallpage.pdf,291,575,2026,national_health_insurance,国民健康保険事業会計,27,繰入金,01,一般会計繰入金,01,一般会計繰入金,04,職員給与費等繰入金,07,連合会,保健福祉政策部,16525,1,国民健康保険団体連合会負担金,593,"7 連合会(保健福祉政策部) 16,525
充当事業:国民健康保険団体連合会負担金・P593",parsed,
ra_2026_national_health_insurance_291_015,r8tousyoyosanallpage.pdf,291,575,2026,national_health_insurance,国民健康保険事業会計,27,繰入金,01,一般会計繰入金,01,一般会計繰入金,04,職員給与費等繰入金,11,一般管理(保険料滞納整理),保健福祉政策部,210065,1,保険料滞納整理,591,"11 一般管理(保険料滞納整理)(保健福祉政策部) 210,065
充当事業:保険料滞納整理・P591",parsed,
ra_2026_national_health_insurance_291_016,r8tousyoyosanallpage.pdf,291,575,2026,national_health_insurance,国民健康保険事業会計,27,繰入金,01,一般会計繰入金,01,一般会計繰入金,04,職員給与費等繰入金,16,審査支払手数料,保健福祉政策部,88212,1,審査支払手数料,595,"16 審査支払手数料(保健福祉政策部) 88,212
充当事業:審査支払手数料・P595",parsed,
ra_2026_national_health_insurance_291_017,r8tousyoyosanallpage.pdf,291,575,2026,national_health_insurance,国民健康保険事業会計,27,繰入金,01,一般会計繰入金,01,一般会計繰入金,05,保険基盤安定繰入金(保険料軽減分),04,医療給付費分(納付金),保健福祉政策部,1678245,1,医療給付費分納付金,613,"4 医療給付費分(納付金)(保健福祉政策部) 1,678,245
充当事業:医療給付費分納付金・P613",parsed,
ra_2026_national_health_insurance_291_018,r8tousyoyosanallpage.pdf,291,575,2026,national_health_insurance,国民健康保険事業会計,27,繰入金,01,一般会計繰入金,01,一般会計繰入金,05,保険基盤安定繰入金(保険料軽減分),05,後期高齢者支援金分(納付金),保健福祉政策部,601829,1,後期高齢者支援金等分納付金,615,"5 後期高齢者支援金分(納付金)(保健福祉政策部) 601,829
充当事業:後期高齢者支援金等分納付金・P615",parsed,
ra_2026_national_health_insurance_291_019,r8tousyoyosanallpage.pdf,291,575,2026,national_health_insurance,国民健康保険事業会計,27,繰入金,01,一般会計繰入金,01,一般会計繰入金,05,保険基盤安定繰入金(保険料軽減分),06,介護納付金分(納付金),保健福祉政策部,237473,1,介護納付金分納付金,617,"6 介護納付金分(納付金)(保健福祉政策部) 237,473
充当事業:介護納付金分納付金・P617",parsed,
ra_2026_national_health_insurance_292_001,r8tousyoyosanallpage.pdf,292,577,2026,national_health_insurance,国民健康保険事業会計,27,繰入金,01,一般会計繰入金,01,一般会計繰入金,05,保険基盤安定繰入金(保険料軽減分),07,子ども・子育て支援金分(納付金),保健福祉政策部,69677,1,子ども・子育て支援金分納付金,619,"7 子ども・子育て支援金分(納付金)(保健福祉政策部) 69,677
充当事業:子ども・子育て支援金分納付金・P619",parsed,
ra_2026_national_health_insurance_292_002,r8tousyoyosanallpage.pdf,292,577,2026,national_health_insurance,国民健康保険事業会計,27,繰入金,01,一般会計繰入金,01,一般会計繰入金,06,保険基盤安定繰入金(保険者支援分),04,医療給付費分(納付金),保健福祉政策部,1081248,1,医療給付費分納付金,613,"4 医療給付費分(納付金)(保健福祉政策部) 1,081,248
充当事業:医療給付費分納付金・P613",parsed,
ra_2026_national_health_insurance_292_003,r8tousyoyosanallpage.pdf,292,577,2026,national_health_insurance,国民健康保険事業会計,27,繰入金,01,一般会計繰入金,01,一般会計繰入金,06,保険基盤安定繰入金(保険者支援分),05,後期高齢者支援金分(納付金),保健福祉政策部,389720,1,後期高齢者支援金等分納付金,615,"5 後期高齢者支援金分(納付金)(保健福祉政策部) 389,720
充当事業:後期高齢者支援金等分納付金・P615",parsed,
ra_2026_national_health_insurance_292_004,r8tousyoyosanallpage.pdf,292,577,2026,national_health_insurance,国民健康保険事業会計,27,繰入金,01,一般会計繰入金,01,一般会計繰入金,06,保険基盤安定繰入金(保険者支援分),06,介護納付金分(納付金),保健福祉政策部,134495,1,介護納付金分納付金,617,"6 介護納付金分(納付金)(保健福祉政策部) 134,495
充当事業:介護納付金分納付金・P617",parsed,
ra_2026_national_health_insurance_292_005,r8tousyoyosanallpage.pdf,292,577,2026,national_health_insurance,国民健康保険事業会計,27,繰入金,01,一般会計繰入金,01,一般会計繰入金,06,保険基盤安定繰入金(保険者支援分),07,子ども・子育て支援金分(納付金),保健福祉政策部,34129,1,子ども・子育て支援金分納付金,619,"7 子ども・子育て支援金分(納付金)(保健福祉政策部) 34,129
充当事業:子ども・子育て支援金分納付金・P619",parsed,
ra_2026_national_health_insurance_292_006,r8tousyoyosanallpage.pdf,292,577,2026,national_health_insurance,国民健康保険事業会計,27,繰入金,01,一般会計繰入金,01,一般会計繰入金,08,未就学児均等割保険料繰入金,01,医療給付費分(納付金),保健福祉政策部,48170,1,医療給付費分納付金,613,"1 医療給付費分(納付金)(保健福祉政策部) 48,170
充当事業:医療給付費分納付金・P613",parsed,
ra_2026_national_health_insurance_292_007,r8tousyoyosanallpage.pdf,292,577,2026,national_health_insurance,国民健康保険事業会計,27,繰入金,01,一般会計繰入金,01,一般会計繰入金,08,未就学児均等割保険料繰入金,02,後期高齢者支援金分(納付金),保健福祉政策部,17274,1,後期高齢者支援金等分納付金,615,"2 後期高齢者支援金分(納付金)(保健福祉政策部) 17,274
充当事業:後期高齢者支援金等分納付金・P615",parsed,
ra_2026_national_health_insurance_292_008,r8tousyoyosanallpage.pdf,292,577,2026,national_health_insurance,国民健康保険事業会計,27,繰入金,01,一般会計繰入金,01,一般会計繰入金,08,未就学児均等割保険料繰入金,03,子ども・子育て支援金分(納付金),保健福祉政策部,1883,1,子ども・子育て支援金分納付金,619,"3 子ども・子育て支援金分(納付金)(保健福祉政策部) 1,883
充当事業:子ども・子育て支援金分納付金・P619",parsed,
ra_2026_national_health_insurance_292_009,r8tousyoyosanallpage.pdf,292,577,2026,national_health_insurance,国民健康保険事業会計,27,繰入金,01,一般会計繰入金,01,一般会計繰入金,09,産前産後保険料繰入金,01,医療給付費分(納付金),保健福祉政策部,30283,1,医療給付費分納付金,613,"1 医療給付費分(納付金)(保健福祉政策部) 30,283
充当事業:医療給付費分納付金・P613",parsed,
ra_2026_national_health_insurance_292_010,r8tousyoyosanallpage.pdf,292,577,2026,national_health_insurance,国民健康保険事業会計,27,繰入金,01,一般会計繰入金,01,一般会計繰入金,09,産前産後保険料繰入金,02,後期高齢者支援金分(納付金),保健福祉政策部,10611,1,後期高齢者支援金等分納付金,615,"2 後期高齢者支援金分(納付金)(保健福祉政策部) 10,611
充当事業:後期高齢者支援金等分納付金・P615",parsed,
ra_2026_national_health_insurance_292_011,r8tousyoyosanallpage.pdf,292,577,2026,national_health_insurance,国民健康保険事業会計,27,繰入金,01,一般会計繰入金,01,一般会計繰入金,09,産前産後保険料繰入金,03,介護納付金分,保健福祉政策部,994,1,介護納付金分納付金,617,"3 介護納付金分(保健福祉政策部) 994
充当事業:介護納付金分納付金・P617",parsed,
ra_2026_national_health_insurance_292_012,r8tousyoyosanallpage.pdf,292,577,2026,national_health_insurance,国民健康保険事業会計,27,繰入金,01,一般会計繰入金,01,一般会計繰入金,09,産前産後保険料繰入金,04,子ども・子育て支援金分(納付金),保健福祉政策部,1039,1,子ども・子育て支援金分納付金,619,"4 子ども・子育て支援金分(納付金)(保健福祉政策部) 1,039
充当事業:子ども・子育て支援金分納付金・P619",parsed,
ra_2026_latter_stage_elderly_healthcare_330_001,r8tousyoyosanallpage.pdf,330,653,2026,latter_stage_elderly_healthcare,後期高齢者医療会計,63,繰入金,01,一般会計繰入金,01,一般会計繰入金,01,職員給与費等繰入金,01,職員給与費,保健福祉政策部,203106,1,後期高齢者医療会計関係事務従事職員の人件費,675,"1 職員給与費(保健福祉政策部) 203,106
充当事業:後期高齢者医療会計関係事務従事職員の人件費・P675",parsed,
ra_2026_latter_stage_elderly_healthcare_330_002,r8tousyoyosanallpage.pdf,330,653,2026,latter_stage_elderly_healthcare,後期高齢者医療会計,63,繰入金,01,一般会計繰入金,01,一般会計繰入金,01,職員給与費等繰入金,01,職員給与費,保健福祉政策部,,2,後期高齢者医療会計関係職員の人件費,675,"1 職員給与費(保健福祉政策部) 203,106
充当事業:後期高齢者医療会計関係職員の人件費・P675",parsed,
ra_2026_latter_stage_elderly_healthcare_330_003,r8tousyoyosanallpage.pdf,330,653,2026,latter_stage_elderly_healthcare,後期高齢者医療会計,63,繰入金,01,一般会計繰入金,01,一般会計繰入金,01,職員給与費等繰入金,01,職員給与費,保健福祉政策部,,3,会計年度任用職員の人件費(保健福祉政策部),675,"1 職員給与費(保健福祉政策部) 203,106
充当事業:会計年度任用職員の人件費(保健福祉政策部)・P675",parsed,
ra_2026_latter_stage_elderly_healthcare_330_004,r8tousyoyosanallpage.pdf,330,653,2026,latter_stage_elderly_healthcare,後期高齢者医療会計,63,繰入金,01,一般会計繰入金,01,一般会計繰入金,01,職員給与費等繰入金,02,一般管理(管理運営),保健福祉政策部,170971,1,後期高齢者医療管理運営,669,"2 一般管理(管理運営)(保健福祉政策部) 170,971
充当事業:後期高齢者医療管理運営・P669",parsed,
ra_2026_latter_stage_elderly_healthcare_330_005,r8tousyoyosanallpage.pdf,330,653,2026,latter_stage_elderly_healthcare,後期高齢者医療会計,63,繰入金,01,一般会計繰入金,01,一般会計繰入金,01,職員給与費等繰入金,03,一般管理(徴収事務),保健福祉政策部,89933,1,後期高齢者医療保険料徴収事務,669,"3 一般管理(徴収事務)(保健福祉政策部) 89,933
充当事業:後期高齢者医療保険料徴収事務・P669",parsed,
ra_2026_latter_stage_elderly_healthcare_330_006,r8tousyoyosanallpage.pdf,330,653,2026,latter_stage_elderly_healthcare,後期高齢者医療会計,63,繰入金,01,一般会計繰入金,01,一般会計繰入金,01,職員給与費等繰入金,04,事務費負担金,保健福祉政策部,406052,1,広域連合事務費負担金,671,"4 事務費負担金(保健福祉政策部) 406,052
充当事業:広域連合事務費負担金・P671",parsed,
ra_2026_latter_stage_elderly_healthcare_330_007,r8tousyoyosanallpage.pdf,330,653,2026,latter_stage_elderly_healthcare,後期高齢者医療会計,63,繰入金,01,一般会計繰入金,01,一般会計繰入金,01,職員給与費等繰入金,05,一般管理(健康診査),保健福祉政策部,37807,1,後期高齢者健康診査,673,"5 一般管理(健康診査)(保健福祉政策部) 37,807
充当事業:後期高齢者健康診査・P673",parsed,
ra_2026_latter_stage_elderly_healthcare_330_008,r8tousyoyosanallpage.pdf,330,653,2026,latter_stage_elderly_healthcare,後期高齢者医療会計,63,繰入金,01,一般会計繰入金,01,一般会計繰入金,02,療養給付費繰入金,01,広域連合療養給付費負担金,保健福祉政策部,7064085,1,広域連合療養給付費負担金,671,"1 広域連合療養給付費負担金(保健福祉政策部) 7,064,085
充当事業:広域連合療養給付費負担金・P671",parsed,
ra_2026_latter_stage_elderly_healthcare_330_009,r8tousyoyosanallpage.pdf,330,653,2026,latter_stage_elderly_healthcare,後期高齢者医療会計,63,繰入金,01,一般会計繰入金,01,一般会計繰入金,03,保険基盤安定繰入金,02,広域連合保険料等負担金,保健福祉政策部,1722772,1,保険基盤安定負担金,671,"2 広域連合保険料等負担金(保健福祉政策部) 1,722,772
充当事業:保険基盤安定負担金・P671",parsed,
ra_2026_latter_stage_elderly_healthcare_330_010,r8tousyoyosanallpage.pdf,330,653,2026,latter_stage_elderly_healthcare,後期高齢者医療会計,63,繰入金,01,一般会計繰入金,01,一般会計繰入金,04,保険料軽減措置繰入金,01,保険料軽減措置負担金,保健福祉政策部,527000,1,保険料軽減措置負担金,671,"1 保険料軽減措置負担金(保健福祉政策部) 527,000
充当事業:保険料軽減措置負担金・P671",parsed,
ra_2026_latter_stage_elderly_healthcare_330_011,r8tousyoyosanallpage.pdf,330,653,2026,latter_stage_elderly_healthcare,後期高齢者医療会計,63,繰入金,01,一般会計繰入金,01,一般会計繰入金,05,健康診査費繰入金,01,後期高齢者健康診査,保健福祉政策部,307271,1,後期高齢者健康診査,673,"1 後期高齢者健康診査(保健福祉政策部) 307,271
充当事業:後期高齢者健康診査・P673",parsed,
ra_2026_latter_stage_elderly_healthcare_330_012,r8tousyoyosanallpage.pdf,330,653,2026,latter_stage_elderly_healthcare,後期高齢者医療会計,63,繰入金,01,一般会計繰入金,01,一般会計繰入金,06,葬祭費繰入金,01,葬祭費,保健福祉政策部,119720,1,葬祭費,669,"1 葬祭費(保健福祉政策部) 119,720
充当事業:葬祭費・P669",parsed,
ra_2026_latter_stage_elderly_healthcare_330_013,r8tousyoyosanallpage.pdf,330,653,2026,latter_stage_elderly_healthcare,後期高齢者医療会計,63,繰入金,01,一般会計繰入金,01,一般会計繰入金,07,その他一般会計繰入金,01,予備費,保健福祉政策部,30000,1,予備費,679,"1 予備費(保健福祉政策部) 30,000
充当事業:予備費・P679",parsed,
ra_2026_long_term_care_insurance_358_001,r8tousyoyosanallpage.pdf,358,333,2026,long_term_care_insurance,介護保険事業会計,41,保険料,01,介護保険料,01,第1号被保険者保険料,01,現年度分特別徴収分,01,居宅介護サービス給付費,高齢福祉部,4596143,1,居宅介護サービス給付費,759,"1 居宅介護サービス給付費(高齢福祉部) 4,596,143
充当事業:居宅介護サービス給付費・P759",parsed,
ra_2026_long_term_care_insurance_358_002,r8tousyoyosanallpage.pdf,358,333,2026,long_term_care_insurance,介護保険事業会計,41,保険料,01,介護保険料,01,第1号被保険者保険料,01,現年度分特別徴収分,02,施設介護サービス給付費,高齢福祉部,3685728,1,施設介護サービス給付費,759,"2 施設介護サービス給付費(高齢福祉部) 3,685,728
充当事業:施設介護サービス給付費・P759",parsed,
ra_2026_long_term_care_insurance_358_003,r8tousyoyosanallpage.pdf,358,333,2026,long_term_care_insurance,介護保険事業会計,41,保険料,01,介護保険料,01,第1号被保険者保険料,01,現年度分特別徴収分,03,居宅介護福祉用具購入費,高齢福祉部,25006,1,居宅介護福祉用具購入費,761,"3 居宅介護福祉用具購入費(高齢福祉部) 25,006
充当事業:居宅介護福祉用具購入費・P761",parsed,
ra_2026_long_term_care_insurance_358_004,r8tousyoyosanallpage.pdf,358,333,2026,long_term_care_insurance,介護保険事業会計,41,保険料,01,介護保険料,01,第1号被保険者保険料,01,現年度分特別徴収分,04,居宅介護住宅改修費,高齢福祉部,38237,1,居宅介護住宅改修費,761,"4 居宅介護住宅改修費(高齢福祉部) 38,237
充当事業:居宅介護住宅改修費・P761",parsed,
ra_2026_long_term_care_insurance_358_005,r8tousyoyosanallpage.pdf,358,333,2026,long_term_care_insurance,介護保険事業会計,41,保険料,01,介護保険料,01,第1号被保険者保険料,01,現年度分特別徴収分,05,居宅介護サービス計画費,高齢福祉部,1051383,1,居宅介護サービス計画給付費,761,"5 居宅介護サービス計画費(高齢福祉部) 1,051,383
充当事業:居宅介護サービス計画給付費・P761",parsed,
ra_2026_long_term_care_insurance_358_006,r8tousyoyosanallpage.pdf,358,333,2026,long_term_care_insurance,介護保険事業会計,41,保険料,01,介護保険料,01,第1号被保険者保険料,01,現年度分特別徴収分,10,審査支払手数料,高齢福祉部,22743,1,審査支払手数料,765,"10 審査支払手数料(高齢福祉部) 22,743
充当事業:審査支払手数料・P765",parsed,
ra_2026_long_term_care_insurance_358_007,r8tousyoyosanallpage.pdf,358,333,2026,long_term_care_insurance,介護保険事業会計,41,保険料,01,介護保険料,01,第1号被保険者保険料,01,現年度分特別徴収分,11,高額介護サービス費,高齢福祉部,632281,1,高額介護サービス費,767,"11 高額介護サービス費(高齢福祉部) 632,281
充当事業:高額介護サービス費・P767",parsed,
ra_2026_long_term_care_insurance_358_008,r8tousyoyosanallpage.pdf,358,333,2026,long_term_care_insurance,介護保険事業会計,41,保険料,01,介護保険料,01,第1号被保険者保険料,01,現年度分特別徴収分,16,地域密着型介護サービス給付費,高齢福祉部,2568470,1,地域密着型介護サービス給付費,763,"16 地域密着型介護サービス給付費(高齢福祉部) 2,568,470
充当事業:地域密着型介護サービス給付費・P763",parsed,
ra_2026_long_term_care_insurance_358_009,r8tousyoyosanallpage.pdf,358,333,2026,long_term_care_insurance,介護保険事業会計,41,保険料,01,介護保険料,01,第1号被保険者保険料,01,現年度分特別徴収分,17,地域密着型介護予防サービス給付費,高齢福祉部,9609,1,地域密着型介護予防サービス給付費,769,"17 地域密着型介護予防サービス給付費(高齢福祉部) 9,609
充当事業:地域密着型介護予防サービス給付費・P769",parsed,
ra_2026_long_term_care_insurance_358_010,r8tousyoyosanallpage.pdf,358,333,2026,long_term_care_insurance,介護保険事業会計,41,保険料,01,介護保険料,01,第1号被保険者保険料,01,現年度分特別徴収分,18,特定入所者介護サービス費,高齢福祉部,178270,1,特定入所者介護サービス費,773,"18 特定入所者介護サービス費(高齢福祉部) 178,270
充当事業:特定入所者介護サービス費・P773",parsed,
ra_2026_long_term_care_insurance_358_011,r8tousyoyosanallpage.pdf,358,333,2026,long_term_care_insurance,介護保険事業会計,41,保険料,01,介護保険料,01,第1号被保険者保険料,01,現年度分特別徴収分,19,特定入所者介護予防サービス費,高齢福祉部,108,1,特定入所者介護予防サービス費,773,"19 特定入所者介護予防サービス費(高齢福祉部) 108
充当事業:特定入所者介護予防サービス費・P773",parsed,
ra_2026_long_term_care_insurance_358_012,r8tousyoyosanallpage.pdf,358,333,2026,long_term_care_insurance,介護保険事業会計,41,保険料,01,介護保険料,01,第1号被保険者保険料,01,現年度分特別徴収分,20,介護予防サービス給付費,高齢福祉部,358316,1,介護予防サービス給付費,769,"20 介護予防サービス給付費(高齢福祉部) 358,316
充当事業:介護予防サービス給付費・P769",parsed,
ra_2026_long_term_care_insurance_358_013,r8tousyoyosanallpage.pdf,358,333,2026,long_term_care_insurance,介護保険事業会計,41,保険料,01,介護保険料,01,第1号被保険者保険料,01,現年度分特別徴収分,21,介護予防福祉用具購入費,高齢福祉部,4580,1,介護予防福祉用具購入費,771,"21 介護予防福祉用具購入費(高齢福祉部) 4,580
充当事業:介護予防福祉用具購入費・P771",parsed,
ra_2026_long_term_care_insurance_358_014,r8tousyoyosanallpage.pdf,358,333,2026,long_term_care_insurance,介護保険事業会計,41,保険料,01,介護保険料,01,第1号被保険者保険料,01,現年度分特別徴収分,22,介護予防住宅改修費,高齢福祉部,21561,1,介護予防住宅改修費,771,"22 介護予防住宅改修費(高齢福祉部) 21,561
充当事業:介護予防住宅改修費・P771",parsed,
ra_2026_long_term_care_insurance_358_015,r8tousyoyosanallpage.pdf,358,333,2026,long_term_care_insurance,介護保険事業会計,41,保険料,01,介護保険料,01,第1号被保険者保険料,01,現年度分特別徴収分,23,介護予防サービス計画給付費,高齢福祉部,65199,1,介護予防サービス計画給付費,771,"23 介護予防サービス計画給付費(高齢福祉部) 65,199
充当事業:介護予防サービス計画給付費・P771",parsed,
ra_2026_long_term_care_insurance_358_016,r8tousyoyosanallpage.pdf,358,333,2026,long_term_care_insurance,介護保険事業会計,41,保険料,01,介護保険料,01,第1号被保険者保険料,01,現年度分特別徴収分,24,高額介護予防サービス費,高齢福祉部,1338,1,高額介護予防サービス費,767,"24 高額介護予防サービス費(高齢福祉部) 1,338
充当事業:高額介護予防サービス費・P767",parsed,
ra_2026_long_term_care_insurance_358_017,r8tousyoyosanallpage.pdf,358,333,2026,long_term_care_insurance,介護保険事業会計,41,保険料,01,介護保険料,01,第1号被保険者保険料,01,現年度分特別徴収分,30,地域包括支援センター運営委託,高齢福祉部,8845,1,地域包括支援センター運営委託,785,"30 地域包括支援センター運営委託(高齢福祉部) 8,845
充当事業:地域包括支援センター運営委託・P785",parsed,
ra_2026_long_term_care_insurance_358_018,r8tousyoyosanallpage.pdf,358,333,2026,long_term_care_insurance,介護保険事業会計,41,保険料,01,介護保険料,01,第1号被保険者保険料,01,現年度分特別徴収分,33,高齢者おむつ支給,高齢福祉部,41829,1,高齢者おむつ支給,785,"33 高齢者おむつ支給(高齢福祉部) 41,829
充当事業:高齢者おむつ支給・P785",parsed,
ra_2026_long_term_care_insurance_359_001,r8tousyoyosanallpage.pdf,359,711,2026,long_term_care_insurance,介護保険事業会計,41,保険料,01,介護保険料,01,第1号被保険者保険料,01,現年度分特別徴収分,35,住宅改修アドバイザー派遣,高齢福祉部,333,1,住宅改修アドバイザー派遣,785,"35 住宅改修アドバイザー派遣(高齢福祉部) 333
充当事業:住宅改修アドバイザー派遣・P785",parsed,
ra_2026_long_term_care_insurance_359_002,r8tousyoyosanallpage.pdf,359,711,2026,long_term_care_insurance,介護保険事業会計,41,保険料,01,介護保険料,01,第1号被保険者保険料,01,現年度分特別徴収分,36,介護給付適正化事業,高齢福祉部,779,1,介護給付適正化事業,785,"36 介護給付適正化事業(高齢福祉部) 779
充当事業:介護給付適正化事業・P785",parsed,
ra_2026_long_term_care_insurance_359_003,r8tousyoyosanallpage.pdf,359,711,2026,long_term_care_insurance,介護保険事業会計,41,保険料,01,介護保険料,01,第1号被保険者保険料,01,現年度分特別徴収分,45,高額医療合算介護サービス費,高齢福祉部,115843,1,高額医療合算介護サービス費,775,"45 高額医療合算介護サービス費(高齢福祉部) 115,843
充当事業:高額医療合算介護サービス費・P775",parsed,
ra_2026_long_term_care_insurance_359_004,r8tousyoyosanallpage.pdf,359,711,2026,long_term_care_insurance,介護保険事業会計,41,保険料,01,介護保険料,01,第1号被保険者保険料,01,現年度分特別徴収分,46,高額医療合算介護予防サービス費,高齢福祉部,1223,1,高額医療合算介護予防サービス費,775,"46 高額医療合算介護予防サービス費(高齢福祉部) 1,223
充当事業:高額医療合算介護予防サービス費・P775",parsed,
ra_2026_long_term_care_insurance_359_005,r8tousyoyosanallpage.pdf,359,711,2026,long_term_care_insurance,介護保険事業会計,41,保険料,01,介護保険料,01,第1号被保険者保険料,01,現年度分特別徴収分,56,認知症ケア推進事業,高齢福祉部,8395,1,認知症ケア推進事業,787,"56 認知症ケア推進事業(高齢福祉部) 8,395
充当事業:認知症ケア推進事業・P787",parsed,
ra_2026_long_term_care_insurance_359_006,r8tousyoyosanallpage.pdf,359,711,2026,long_term_care_insurance,介護保険事業会計,41,保険料,01,介護保険料,01,第1号被保険者保険料,01,現年度分特別徴収分,57,サービス・活動事業,高齢福祉部,62788,1,サービス・活動事業,789,"57 サービス・活動事業(高齢福祉部) 62,788
充当事業:サービス・活動事業・P789",parsed,
ra_2026_long_term_care_insurance_359_007,r8tousyoyosanallpage.pdf,359,711,2026,long_term_care_insurance,介護保険事業会計,41,保険料,01,介護保険料,01,第1号被保険者保険料,01,現年度分特別徴収分,58,高額介護サービス費相当等事業費,高齢福祉部,2670,1,高額介護サービス費相当等事業費,789,"58 高額介護サービス費相当等事業費(高齢福祉部) 2,670
充当事業:高額介護サービス費相当等事業費・P789",parsed,
ra_2026_long_term_care_insurance_359_008,r8tousyoyosanallpage.pdf,359,711,2026,long_term_care_insurance,介護保険事業会計,41,保険料,01,介護保険料,01,第1号被保険者保険料,01,現年度分特別徴収分,63,家族介護支援事業,高齢福祉部,937,1,家族介護支援事業,787,"63 家族介護支援事業(高齢福祉部) 937
充当事業:家族介護支援事業・P787",parsed,
ra_2026_long_term_care_insurance_359_009,r8tousyoyosanallpage.pdf,359,711,2026,long_term_care_insurance,介護保険事業会計,41,保険料,01,介護保険料,01,第1号被保険者保険料,01,現年度分特別徴収分,64,総合事業指定事業者実施サービス等諸費,高齢福祉部,344242,1,総合事業指定事業者実施サービス等諸費,789,"64 総合事業指定事業者実施サービス等諸費(高齢福祉部) 344,242
充当事業:総合事業指定事業者実施サービス等諸費・P789",parsed,
ra_2026_long_term_care_insurance_359_010,r8tousyoyosanallpage.pdf,359,711,2026,long_term_care_insurance,介護保険事業会計,41,保険料,01,介護保険料,01,第1号被保険者保険料,01,現年度分特別徴収分,65,成年後見制度,保健福祉政策部,5603,1,成年後見報酬助成,787,"65 成年後見制度(保健福祉政策部) 5,603
充当事業:成年後見報酬助成・P787",parsed,
ra_2026_long_term_care_insurance_359_011,r8tousyoyosanallpage.pdf,359,711,2026,long_term_care_insurance,介護保険事業会計,41,保険料,01,介護保険料,01,第1号被保険者保険料,01,現年度分特別徴収分,66,高齢者安心コール,高齢福祉部,8857,1,高齢者安心コール,787,"66 高齢者安心コール(高齢福祉部) 8,857
充当事業:高齢者安心コール・P787",parsed,
ra_2026_long_term_care_insurance_359_012,r8tousyoyosanallpage.pdf,359,711,2026,long_term_care_insurance,介護保険事業会計,41,保険料,01,介護保険料,01,第1号被保険者保険料,01,現年度分特別徴収分,67,重層的支援体制整備事業繰出金,高齢福祉部,195871,1,重層的支援体制整備事業繰出金,783,"67 重層的支援体制整備事業繰出金(高齢福祉部) 195,871
充当事業:重層的支援体制整備事業繰出金・P783",parsed,
ra_2026_long_term_care_insurance_359_013,r8tousyoyosanallpage.pdf,359,711,2026,long_term_care_insurance,介護保険事業会計,41,保険料,01,介護保険料,01,第1号被保険者保険料,02,現年度分普通徴収分,01,居宅介護サービス給付費,高齢福祉部,2470958,1,居宅介護サービス給付費,759,"1 居宅介護サービス給付費(高齢福祉部) 2,470,958
充当事業:居宅介護サービス給付費・P759",parsed,
ra_2026_long_term_care_insurance_359_014,r8tousyoyosanallpage.pdf,359,711,2026,long_term_care_insurance,介護保険事業会計,41,保険料,01,介護保険料,01,第1号被保険者保険料,03,滞納繰越分普通徴収分,01,居宅介護サービス給付費,高齢福祉部,25854,1,居宅介護サービス給付費,759,"1 居宅介護サービス給付費(高齢福祉部) 25,854
充当事業:居宅介護サービス給付費・P759",parsed,
ra_2026_long_term_care_insurance_359_015,r8tousyoyosanallpage.pdf,359,711,2026,long_term_care_insurance,介護保険事業会計,41,保険料,01,介護保険料,01,第1号被保険者保険料,03,滞納繰越分普通徴収分,52,第1号被保険者保険料還付金,高齢福祉部,43384,1,第1号被保険者保険料還付金,781,"52 第1号被保険者保険料還付金(高齢福祉部) 43,384
充当事業:第1号被保険者保険料還付金・P781",parsed,
ra_2026_long_term_care_insurance_359_016,r8tousyoyosanallpage.pdf,359,711,2026,long_term_care_insurance,介護保険事業会計,41,保険料,01,介護保険料,01,第1号被保険者保険料,03,滞納繰越分普通徴収分,53,第1号被保険者保険料延滞金還付金,高齢福祉部,11,1,第1号被保険者保険料延滞金還付金,781,"53 第1号被保険者保険料延滞金還付金(高齢福祉部) 11
充当事業:第1号被保険者保険料延滞金還付金・P781",parsed,
