revenue_item_key,fiscal_year,account_code,account_name,budget_side,kan_code,kan_name,kou_code,kou_name,moku_code,moku_name,previous_amount_thousand_yen,current_amount_thousand_yen,diff_amount_thousand_yen,allocated_amount_thousand_yen,unallocated_amount_thousand_yen,general_revenue_thousand_yen,specific_revenue_thousand_yen,special_account_revenue_thousand_yen,section_count,detail_count,validation_status,source_type
2026_general_revenue_01_01_01,2026,general,一般会計,revenue,01,特別区税,01,特別区民税,01,特別区民税,139504703,154564625,15059922,0,154564625,154564625,0,0,2,2,ok,derived
2026_general_revenue_01_02_01,2026,general,一般会計,revenue,01,特別区税,02,軽自動車税,01,軽自動車税（種別割）,354235,6160,-348075,0,6160,6160,0,0,2,2,ok,derived
2026_general_revenue_01_02_02,2026,general,一般会計,revenue,01,特別区税,02,軽自動車税,02,軽自動車税（環境性能割）,33221,5103,-28118,0,5103,5103,0,0,1,1,ok,derived
2026_general_revenue_01_02_03,2026,general,一般会計,revenue,01,特別区税,02,軽自動車税,03,軽自動車税,0,362518,362518,0,362518,362518,0,0,1,1,ok,derived
2026_general_revenue_01_06_01,2026,general,一般会計,revenue,01,特別区税,06,特別区たばこ税,01,特別区たばこ税,4612411,4525026,-87385,0,4525026,4525026,0,0,1,1,ok,derived
2026_general_revenue_01_07_01,2026,general,一般会計,revenue,01,特別区税,07,入湯税,01,入湯税,9404,9404,0,0,9404,9404,0,0,1,1,ok,derived
2026_general_revenue_02_02_01,2026,general,一般会計,revenue,02,地方譲与税,02,自動車重量譲与税,01,自動車重量譲与税,958000,986000,28000,0,986000,986000,0,0,1,1,ok,derived
2026_general_revenue_02_04_01,2026,general,一般会計,revenue,02,地方譲与税,04,地方揮発油譲与税,01,地方揮発油譲与税,282000,236000,-46000,0,236000,236000,0,0,1,1,ok,derived
2026_general_revenue_02_05_01,2026,general,一般会計,revenue,02,地方譲与税,05,森林環境譲与税,01,森林環境譲与税,127000,122000,-5000,0,122000,122000,0,0,1,1,ok,derived
2026_general_revenue_03_01_01,2026,general,一般会計,revenue,03,利子割交付金,01,利子割交付金,01,利子割交付金,1645000,2280000,635000,0,2280000,2280000,0,0,1,1,ok,derived
2026_general_revenue_04_01_01,2026,general,一般会計,revenue,04,配当割交付金,01,配当割交付金,01,配当割交付金,4045000,4018000,-27000,0,4018000,4018000,0,0,1,1,ok,derived
2026_general_revenue_05_01_01,2026,general,一般会計,revenue,05,株式等譲渡所得割交付金,01,株式等譲渡所得割交付金,01,株式等譲渡所得割交付金,4921000,8074000,3153000,0,8074000,8074000,0,0,1,1,ok,derived
2026_general_revenue_06_01_01,2026,general,一般会計,revenue,06,地方消費税交付金,01,地方消費税交付金,01,地方消費税交付金,23946000,27048000,3102000,0,27048000,27048000,0,0,1,1,ok,derived
2026_general_revenue_08_01_01,2026,general,一般会計,revenue,08,地方特例交付金,01,地方特例交付金,01,地方特例交付金,343000,847000,504000,0,847000,847000,0,0,1,1,ok,derived
2026_general_revenue_09_01_01,2026,general,一般会計,revenue,09,特別区交付金,01,特別区財政調整交付金,01,普通交付金,68505000,69191707,686707,0,69191707,69191707,0,0,1,1,ok,derived
2026_general_revenue_09_01_02,2026,general,一般会計,revenue,09,特別区交付金,01,特別区財政調整交付金,02,特別交付金,4000000,5000000,1000000,0,5000000,5000000,0,0,1,1,ok,derived
2026_general_revenue_10_01_01,2026,general,一般会計,revenue,10,交通安全対策特別交付金,01,交通安全対策特別交付金,01,交通安全対策特別交付金,80000,76000,-4000,0,76000,76000,0,0,1,1,ok,derived
2026_general_revenue_11_01_01,2026,general,一般会計,revenue,11,分担金及負担金,01,負担金,01,民生費負担金,2335057,78630,-2256427,78630,0,0,78630,0,8,12,ok,derived
2026_general_revenue_11_01_03,2026,general,一般会計,revenue,11,分担金及負担金,01,負担金,03,土木費負担金,83859,95111,11252,95111,0,0,95111,0,3,3,ok,derived
2026_general_revenue_12_01_01,2026,general,一般会計,revenue,12,使用料及手数料,01,使用料,01,総務使用料,341560,419020,77460,419020,0,0,419020,0,10,62,ok,derived
2026_general_revenue_12_01_02,2026,general,一般会計,revenue,12,使用料及手数料,01,使用料,02,民生使用料,53353,53288,-65,53288,0,0,53288,0,2,28,ok,derived
2026_general_revenue_12_01_03,2026,general,一般会計,revenue,12,使用料及手数料,01,使用料,03,衛生使用料,23806,23711,-95,23711,0,0,23711,0,3,17,ok,derived
2026_general_revenue_12_01_04,2026,general,一般会計,revenue,12,使用料及手数料,01,使用料,04,産業経済使用料,11911,19565,7654,19565,0,0,19565,0,1,1,ok,derived
2026_general_revenue_12_01_05,2026,general,一般会計,revenue,12,使用料及手数料,01,使用料,05,土木使用料,4606437,4608652,2215,4608652,0,0,4608652,0,6,23,ok,derived
2026_general_revenue_12_01_06,2026,general,一般会計,revenue,12,使用料及手数料,01,使用料,06,教育使用料,596363,584308,-12055,584308,0,0,584308,0,3,17,ok,derived
2026_general_revenue_12_01_07,2026,general,一般会計,revenue,12,使用料及手数料,01,使用料,07,環境使用料,3617,4041,424,4041,0,0,4041,0,4,5,ok,derived
2026_general_revenue_12_02_01,2026,general,一般会計,revenue,12,使用料及手数料,02,手数料,01,総務手数料,319134,305606,-13528,305606,0,0,305606,0,2,9,ok,derived
2026_general_revenue_12_02_02,2026,general,一般会計,revenue,12,使用料及手数料,02,手数料,02,民生手数料,5,7,2,7,0,0,7,0,1,2,ok,derived
2026_general_revenue_12_02_03,2026,general,一般会計,revenue,12,使用料及手数料,02,手数料,03,環境手数料,794225,758925,-35300,758925,0,0,758925,0,7,9,ok,derived
2026_general_revenue_12_02_04,2026,general,一般会計,revenue,12,使用料及手数料,02,手数料,04,衛生手数料,58993,60994,2001,60994,0,0,60994,0,8,12,ok,derived
2026_general_revenue_12_02_05,2026,general,一般会計,revenue,12,使用料及手数料,02,手数料,05,土木手数料,102627,94862,-7765,94862,0,0,94862,0,12,23,ok,derived
2026_general_revenue_13_01_01,2026,general,一般会計,revenue,13,国庫支出金,01,国庫負担金,01,民生費負担金,58771243,59687744,916501,59687744,0,0,59687744,0,30,61,ok,derived
2026_general_revenue_13_01_02,2026,general,一般会計,revenue,13,国庫支出金,01,国庫負担金,02,衛生費負担金,349929,386073,36144,386073,0,0,386073,0,7,13,ok,derived
2026_general_revenue_13_01_03,2026,general,一般会計,revenue,13,国庫支出金,01,国庫負担金,03,教育費負担金,1994,2094,100,2094,0,0,2094,0,1,1,ok,derived
2026_general_revenue_13_02_01,2026,general,一般会計,revenue,13,国庫支出金,02,国庫補助金,01,民生費補助金,3704817,3875924,171107,3875924,0,0,3875924,0,23,182,ok,derived
2026_general_revenue_13_02_03,2026,general,一般会計,revenue,13,国庫支出金,02,国庫補助金,03,衛生費補助金,1270116,815583,-454533,815583,0,0,815583,0,13,31,ok,derived
2026_general_revenue_13_02_04,2026,general,一般会計,revenue,13,国庫支出金,02,国庫補助金,04,土木費補助金,2966816,2698765,-268051,2698765,0,0,2698765,0,10,41,ok,derived
2026_general_revenue_13_02_05,2026,general,一般会計,revenue,13,国庫支出金,02,国庫補助金,05,教育費補助金,749280,892858,143578,892858,0,0,892858,0,8,21,ok,derived
2026_general_revenue_13_02_08,2026,general,一般会計,revenue,13,国庫支出金,02,国庫補助金,08,総務費補助金,500846,931095,430249,931095,0,0,931095,0,3,9,ok,derived
2026_general_revenue_13_02_09,2026,general,一般会計,revenue,13,国庫支出金,02,国庫補助金,09,環境費補助金,0,2475,2475,2475,0,0,2475,0,1,1,ok,derived
2026_general_revenue_13_02_10,2026,general,一般会計,revenue,13,国庫支出金,02,国庫補助金,10,民生費補助金（２）,0,7515,7515,7515,0,0,7515,0,1,3,ok,derived
2026_general_revenue_13_03_01,2026,general,一般会計,revenue,13,国庫支出金,03,国庫委託金,01,民生費委託金,3512,3759,247,3759,0,0,3759,0,2,3,ok,derived
2026_general_revenue_13_03_02,2026,general,一般会計,revenue,13,国庫支出金,03,国庫委託金,02,衛生費委託金,963,1298,335,1298,0,0,1298,0,1,1,ok,derived
2026_general_revenue_13_03_03,2026,general,一般会計,revenue,13,国庫支出金,03,国庫委託金,03,土木費委託金,595,628,33,628,0,0,628,0,1,1,ok,derived
2026_general_revenue_13_03_04,2026,general,一般会計,revenue,13,国庫支出金,03,国庫委託金,04,総務費委託金,5913,8837,2924,8837,0,0,8837,0,1,1,ok,derived
2026_general_revenue_14_01_01,2026,general,一般会計,revenue,14,都支出金,01,都負担金,01,民生費負担金,16431316,17038475,607159,17038475,0,0,17038475,0,25,38,ok,derived
2026_general_revenue_14_01_02,2026,general,一般会計,revenue,14,都支出金,01,都負担金,02,衛生費負担金,12738,12688,-50,12688,0,0,12688,0,3,3,ok,derived
2026_general_revenue_14_01_03,2026,general,一般会計,revenue,14,都支出金,01,都負担金,03,土木費負担金,63859,90665,26806,90665,0,0,90665,0,1,1,ok,derived
2026_general_revenue_14_01_04,2026,general,一般会計,revenue,14,都支出金,01,都負担金,04,教育費負担金,997,1047,50,1047,0,0,1047,0,1,1,ok,derived
2026_general_revenue_14_01_05,2026,general,一般会計,revenue,14,都支出金,01,都負担金,05,総務費負担金,7906,0,-7906,0,0,0,0,0,1,1,ok_zero_amount,derived
2026_general_revenue_14_02_01,2026,general,一般会計,revenue,14,都支出金,02,都補助金,01,総務費補助金,242104,377554,135450,377554,0,0,377554,0,17,28,ok,derived
2026_general_revenue_14_02_02,2026,general,一般会計,revenue,14,都支出金,02,都補助金,02,民生費補助金,8507619,9760442,1252823,9760442,0,0,9760442,0,40,302,ok,derived
2026_general_revenue_14_02_03,2026,general,一般会計,revenue,14,都支出金,02,都補助金,03,環境費補助金,0,30000,30000,30000,0,0,30000,0,1,1,ok,derived
2026_general_revenue_14_02_04,2026,general,一般会計,revenue,14,都支出金,02,都補助金,04,衛生費補助金,311307,243698,-67609,243698,0,0,243698,0,9,12,ok,derived
2026_general_revenue_14_02_05,2026,general,一般会計,revenue,14,都支出金,02,都補助金,05,産業経済費補助金,352012,371182,19170,371182,0,0,371182,0,15,27,ok,derived
2026_general_revenue_14_02_06,2026,general,一般会計,revenue,14,都支出金,02,都補助金,06,土木費補助金,2861125,2466014,-395111,2466014,0,0,2466014,0,20,44,ok,derived
2026_general_revenue_14_02_07,2026,general,一般会計,revenue,14,都支出金,02,都補助金,07,教育費補助金,2617476,3045904,428428,3045904,0,0,3045904,0,25,45,ok,derived
2026_general_revenue_14_02_08,2026,general,一般会計,revenue,14,都支出金,02,都補助金,08,民生費補助金（２）,3592610,9160024,5567414,9160024,0,0,9160024,0,48,128,ok,derived
2026_general_revenue_14_03_01,2026,general,一般会計,revenue,14,都支出金,03,都委託金,01,総務費委託金,3818183,2538226,-1279957,2538226,0,0,2538226,0,9,17,ok,derived
2026_general_revenue_14_03_02,2026,general,一般会計,revenue,14,都支出金,03,都委託金,02,衛生費委託金,24355,28657,4302,28657,0,0,28657,0,2,4,ok,derived
2026_general_revenue_14_03_03,2026,general,一般会計,revenue,14,都支出金,03,都委託金,03,民生費委託金,255,4430,4175,4430,0,0,4430,0,3,3,ok,derived
2026_general_revenue_14_03_04,2026,general,一般会計,revenue,14,都支出金,03,都委託金,04,土木費委託金,18726,19232,506,19232,0,0,19232,0,4,5,ok,derived
2026_general_revenue_14_03_07,2026,general,一般会計,revenue,14,都支出金,03,都委託金,07,教育費委託金,34982,39128,4146,39128,0,0,39128,0,2,9,ok,derived
2026_general_revenue_15_01_01,2026,general,一般会計,revenue,15,財産収入,01,財産運用収入,01,財産貸付収入,359678,391626,31948,228768,162858,162858,228768,0,5,70,ok,derived
2026_general_revenue_15_01_02,2026,general,一般会計,revenue,15,財産収入,01,財産運用収入,02,利子及配当金,458566,1038818,580252,980757,58061,58061,980757,0,2,19,ok,derived
2026_general_revenue_15_02_01,2026,general,一般会計,revenue,15,財産収入,02,財産売払収入,01,不動産売払収入,206500,692277,485777,0,692277,692277,0,0,1,2,ok,derived
2026_general_revenue_15_02_02,2026,general,一般会計,revenue,15,財産収入,02,財産売払収入,02,物品売払収入,1161760,863913,-297847,846944,16969,16969,846944,0,2,17,ok,derived
2026_general_revenue_16_01_01,2026,general,一般会計,revenue,16,寄附金,01,寄附金,01,一般寄附金,300000,300000,0,0,300000,300000,0,0,1,1,ok,derived
2026_general_revenue_16_01_02,2026,general,一般会計,revenue,16,寄附金,01,寄附金,02,指定寄附金,400000,400000,0,400000,0,0,400000,0,5,21,ok,derived
2026_general_revenue_17_01_01,2026,general,一般会計,revenue,17,繰入金,01,基金繰入金,01,減債基金繰入金,1094698,0,-1094698,0,0,0,0,0,1,1,ok_zero_amount,derived
2026_general_revenue_17_01_06,2026,general,一般会計,revenue,17,繰入金,01,基金繰入金,06,義務教育施設整備基金繰入金,800000,3459834,2659834,3459834,0,0,3459834,0,1,4,ok,derived
2026_general_revenue_17_01_10,2026,general,一般会計,revenue,17,繰入金,01,基金繰入金,10,都市整備基金繰入金,2750000,2300000,-450000,2300000,0,0,2300000,0,1,7,ok,derived
2026_general_revenue_17_01_15,2026,general,一般会計,revenue,17,繰入金,01,基金繰入金,15,財政調整基金繰入金,0,0,0,0,0,0,0,0,1,1,ok_zero_amount,derived
2026_general_revenue_17_01_16,2026,general,一般会計,revenue,17,繰入金,01,基金繰入金,16,地域保健福祉等推進基金繰入金,200938,174851,-26087,174851,0,0,174851,0,10,11,ok,derived
2026_general_revenue_17_01_21,2026,general,一般会計,revenue,17,繰入金,01,基金繰入金,21,住宅基金繰入金,669359,555623,-113736,555623,0,0,555623,0,1,1,ok,derived
2026_general_revenue_17_01_22,2026,general,一般会計,revenue,17,繰入金,01,基金繰入金,22,国際平和交流基金繰入金,2020,7553,5533,7553,0,0,7553,0,1,3,ok,derived
2026_general_revenue_17_01_35,2026,general,一般会計,revenue,17,繰入金,01,基金繰入金,35,庁舎等建設等基金繰入金,4227000,5887860,1660860,5887860,0,0,5887860,0,2,2,ok,derived
2026_general_revenue_17_01_36,2026,general,一般会計,revenue,17,繰入金,01,基金繰入金,36,文化振興基金繰入金,2600,4600,2000,4600,0,0,4600,0,1,1,ok,derived
2026_general_revenue_17_01_38,2026,general,一般会計,revenue,17,繰入金,01,基金繰入金,38,子ども・若者基金繰入金,31343,49634,18291,49634,0,0,49634,0,1,9,ok,derived
2026_general_revenue_17_01_40,2026,general,一般会計,revenue,17,繰入金,01,基金繰入金,40,災害対策基金繰入金,464936,53425,-411511,53425,0,0,53425,0,1,14,ok,derived
2026_general_revenue_17_01_41,2026,general,一般会計,revenue,17,繰入金,01,基金繰入金,41,みどりのトラスト基金繰入金,1172546,1258518,85972,1258518,0,0,1258518,0,1,8,ok,derived
2026_general_revenue_17_01_43,2026,general,一般会計,revenue,17,繰入金,01,基金繰入金,43,スポーツ推進基金繰入金,201680,796,-200884,796,0,0,796,0,1,4,ok,derived
2026_general_revenue_17_01_45,2026,general,一般会計,revenue,17,繰入金,01,基金繰入金,45,世田谷遊びと学びの教育基金繰入金,4605,5476,871,5476,0,0,5476,0,1,3,ok,derived
2026_general_revenue_17_01_46,2026,general,一般会計,revenue,17,繰入金,01,基金繰入金,46,医療的ケア児の笑顔を支える基金繰入金,12240,33189,20949,33189,0,0,33189,0,1,1,ok,derived
2026_general_revenue_17_01_47,2026,general,一般会計,revenue,17,繰入金,01,基金繰入金,47,気候危機対策基金繰入金,59199,54355,-4844,54355,0,0,54355,0,1,5,ok,derived
2026_general_revenue_17_01_48,2026,general,一般会計,revenue,17,繰入金,01,基金繰入金,48,児童養護施設退所者等奨学・自立支援基金繰入金,46522,40101,-6421,40101,0,0,40101,0,1,1,ok,derived
2026_general_revenue_17_01_49,2026,general,一般会計,revenue,17,繰入金,01,基金繰入金,49,犯罪被害者等支援等基金繰入金,9999,9614,-385,9614,0,0,9614,0,1,1,ok,derived
2026_general_revenue_17_02_03,2026,general,一般会計,revenue,17,繰入金,02,特別会計繰入金,03,介護保険事業会計繰入金,240011,255661,15650,255661,0,0,255661,0,1,5,ok,derived
2026_general_revenue_18_01_01,2026,general,一般会計,revenue,18,繰越金,01,繰越金,01,繰越金,1,1,0,0,1,1,0,0,1,1,ok,derived
2026_general_revenue_19_01_01,2026,general,一般会計,revenue,19,諸収入,01,延滞金加算金及過料,01,延滞金,103052,104027,975,0,104027,104027,0,0,1,2,ok,derived
2026_general_revenue_19_02_01,2026,general,一般会計,revenue,19,諸収入,02,特別区預金利子,01,特別区預金利子,17730,37626,19896,0,37626,37626,0,0,1,1,ok,derived
2026_general_revenue_19_03_01,2026,general,一般会計,revenue,19,諸収入,03,貸付金元利収入,01,奨学資金等収入,17485,14361,-3124,14361,0,0,14361,0,1,1,ok,derived
2026_general_revenue_19_03_04,2026,general,一般会計,revenue,19,諸収入,03,貸付金元利収入,04,区民生活事業資金収入,826,838,12,0,838,838,0,0,2,2,ok,derived
2026_general_revenue_19_03_05,2026,general,一般会計,revenue,19,諸収入,03,貸付金元利収入,05,母子福祉応急小口資金収入,663,547,-116,547,0,0,547,0,1,1,ok,derived
2026_general_revenue_19_03_06,2026,general,一般会計,revenue,19,諸収入,03,貸付金元利収入,06,女性福祉資金収入,10847,9923,-924,9923,0,0,9923,0,2,2,ok,derived
2026_general_revenue_19_03_07,2026,general,一般会計,revenue,19,諸収入,03,貸付金元利収入,07,応急小口資金収入,994,798,-196,798,0,0,798,0,1,1,ok,derived
2026_general_revenue_19_03_09,2026,general,一般会計,revenue,19,諸収入,03,貸付金元利収入,09,私立保育所増改築資金収入,49507,45157,-4350,45157,0,0,45157,0,2,2,ok,derived
2026_general_revenue_19_03_12,2026,general,一般会計,revenue,19,諸収入,03,貸付金元利収入,12,土地開発公社貸付金収入,2809890,1274832,-1535058,1274832,0,0,1274832,0,1,1,ok,derived
2026_general_revenue_19_03_25,2026,general,一般会計,revenue,19,諸収入,03,貸付金元利収入,25,災害援護貸付金,2772,2772,0,2772,0,0,2772,0,1,1,ok,derived
2026_general_revenue_19_04_01,2026,general,一般会計,revenue,19,諸収入,04,受託事業収入,01,民生費受託収入,44863,51385,6522,51385,0,0,51385,0,2,2,ok,derived
2026_general_revenue_19_04_02,2026,general,一般会計,revenue,19,諸収入,04,受託事業収入,02,産業経済費受託収入,88,80,-8,80,0,0,80,0,1,1,ok,derived
2026_general_revenue_19_04_03,2026,general,一般会計,revenue,19,諸収入,04,受託事業収入,03,土木費受託収入,1659510,1170610,-488900,1170610,0,0,1170610,0,4,4,ok,derived
2026_general_revenue_19_04_04,2026,general,一般会計,revenue,19,諸収入,04,受託事業収入,04,衛生費受託収入,173352,284884,111532,284884,0,0,284884,0,1,5,ok,derived
2026_general_revenue_19_05_01,2026,general,一般会計,revenue,19,諸収入,05,収益事業収入,01,競馬組合分配金,600000,600000,0,0,600000,600000,0,0,1,1,ok,derived
2026_general_revenue_19_06_01,2026,general,一般会計,revenue,19,諸収入,06,雑入,01,弁償金,232514,198923,-33591,198923,0,0,198923,0,4,4,ok,derived
2026_general_revenue_19_06_03,2026,general,一般会計,revenue,19,諸収入,06,雑入,03,賄収入,112619,656069,543450,656069,0,0,656069,0,7,7,ok,derived
2026_general_revenue_19_06_04,2026,general,一般会計,revenue,19,諸収入,06,雑入,04,納付金,1723490,1967387,243897,1967387,0,0,1967387,0,2,45,ok,derived
2026_general_revenue_19_06_06,2026,general,一般会計,revenue,19,諸収入,06,雑入,06,滞納処分費,437,568,131,568,0,0,568,0,1,1,ok,derived
2026_general_revenue_19_06_09,2026,general,一般会計,revenue,19,諸収入,06,雑入,09,雑入,1429955,1159414,-270541,1081501,77913,77913,1081501,0,41,243,ok,derived
2026_general_revenue_19_06_10,2026,general,一般会計,revenue,19,諸収入,06,雑入,10,自立支援給付サービス収入,150950,146127,-4823,146127,0,0,146127,0,2,6,ok,derived
2026_general_revenue_19_06_11,2026,general,一般会計,revenue,19,諸収入,06,雑入,11,自立支援給付サービス収入（２）,1703452,1707863,4411,1707863,0,0,1707863,0,2,10,ok,derived
2026_general_revenue_19_06_12,2026,general,一般会計,revenue,19,諸収入,06,雑入,12,雑入（２）,10405,26817,16412,26817,0,0,26817,0,5,14,ok,derived
2026_general_revenue_20_01_01,2026,general,一般会計,revenue,20,特別区債,01,特別区債,01,総務債,870000,1471000,601000,1471000,0,0,1471000,0,1,1,ok,derived
2026_general_revenue_20_01_03,2026,general,一般会計,revenue,20,特別区債,01,特別区債,03,土木債,1550000,1500000,-50000,1500000,0,0,1500000,0,2,2,ok,derived
2026_general_revenue_20_01_04,2026,general,一般会計,revenue,20,特別区債,01,特別区債,04,教育債,1000000,2083000,1083000,2083000,0,0,2083000,0,1,3,ok,derived
2026_general_revenue_21_01_01,2026,general,一般会計,revenue,21,環境性能割交付金,01,環境性能割交付金,01,環境性能割交付金,545000,0,-545000,0,0,0,0,0,1,1,ok_zero_amount,derived
2026_latter_stage_elderly_healthcare_revenue_61_01_01,2026,latter_stage_elderly_healthcare,後期高齢者医療会計,revenue,61,後期高齢者医療保険料,01,後期高齢者医療保険料,01,後期高齢者医療保険料,15908225,18069689,2161464,18069689,0,0,0,18069689,3,3,ok,derived
2026_latter_stage_elderly_healthcare_revenue_62_01_01,2026,latter_stage_elderly_healthcare,後期高齢者医療会計,revenue,62,使用料及手数料,01,手数料,01,総務手数料,30,30,0,30,0,0,0,30,1,1,ok,derived
2026_latter_stage_elderly_healthcare_revenue_63_01_01,2026,latter_stage_elderly_healthcare,後期高齢者医療会計,revenue,63,繰入金,01,一般会計繰入金,01,一般会計繰入金,10054556,10678717,624161,10678717,0,0,0,10678717,7,11,ok,derived
2026_latter_stage_elderly_healthcare_revenue_64_01_01,2026,latter_stage_elderly_healthcare,後期高齢者医療会計,revenue,64,繰越金,01,繰越金,01,繰越金,1,1,0,1,0,0,0,1,2,4,ok,derived
2026_latter_stage_elderly_healthcare_revenue_65_01_01,2026,latter_stage_elderly_healthcare,後期高齢者医療会計,revenue,65,諸収入,01,延滞金加算金及過料,01,延滞金,5000,5000,0,5000,0,0,0,5000,1,1,ok,derived
2026_latter_stage_elderly_healthcare_revenue_65_02_03,2026,latter_stage_elderly_healthcare,後期高齢者医療会計,revenue,65,諸収入,02,償還金及還付加算金,03,保険料還付金及還付加算金,35400,35400,0,35400,0,0,0,35400,1,3,ok,derived
2026_latter_stage_elderly_healthcare_revenue_65_03_01,2026,latter_stage_elderly_healthcare,後期高齢者医療会計,revenue,65,諸収入,03,特別区預金利子,01,特別区預金利子,1,1,0,1,0,0,0,1,1,1,ok,derived
2026_latter_stage_elderly_healthcare_revenue_65_04_01,2026,latter_stage_elderly_healthcare,後期高齢者医療会計,revenue,65,諸収入,04,受託事業収入,01,受託事業収入,619170,610275,-8895,610275,0,0,0,610275,3,3,ok,derived
2026_latter_stage_elderly_healthcare_revenue_65_05_01,2026,latter_stage_elderly_healthcare,後期高齢者医療会計,revenue,65,諸収入,05,雑入,01,雑入,14458,15682,1224,15682,0,0,0,15682,2,2,ok,derived
2026_latter_stage_elderly_healthcare_revenue_65_05_03,2026,latter_stage_elderly_healthcare,後期高齢者医療会計,revenue,65,諸収入,05,雑入,03,広域連合負担金返還金,1,1,0,1,0,0,0,1,1,1,ok,derived
2026_long_term_care_insurance_revenue_41_01_01,2026,long_term_care_insurance,介護保険事業会計,revenue,41,保険料,01,介護保険料,01,第１号被保険者保険料,16398333,16597394,199061,16597394,0,0,0,16597394,3,36,ok,derived
2026_long_term_care_insurance_revenue_42_01_01,2026,long_term_care_insurance,介護保険事業会計,revenue,42,使用料及手数料,01,手数料,01,総務手数料,1,1,0,1,0,0,0,1,1,1,ok,derived
2026_long_term_care_insurance_revenue_43_01_01,2026,long_term_care_insurance,介護保険事業会計,revenue,43,国庫支出金,01,国庫負担金,01,介護給付費負担金,12774188,13000447,226259,13000447,0,0,0,13000447,1,18,ok,derived
2026_long_term_care_insurance_revenue_43_02_01,2026,long_term_care_insurance,介護保険事業会計,revenue,43,国庫支出金,02,国庫補助金,01,調整交付金,1166174,895698,-270476,895698,0,0,0,895698,1,23,ok,derived
2026_long_term_care_insurance_revenue_43_02_05,2026,long_term_care_insurance,介護保険事業会計,revenue,43,国庫支出金,02,国庫補助金,05,地域支援事業交付金（包括的支援事業・任意事業）,182299,177937,-4362,177937,0,0,0,177937,1,10,ok,derived
2026_long_term_care_insurance_revenue_43_02_10,2026,long_term_care_insurance,介護保険事業会計,revenue,43,国庫支出金,02,国庫補助金,10,介護保険災害臨時特例補助金,59,47,-12,47,0,0,0,47,1,2,ok,derived
2026_long_term_care_insurance_revenue_43_02_14,2026,long_term_care_insurance,介護保険事業会計,revenue,43,国庫支出金,02,国庫補助金,14,地域支援事業交付金（介護予防・日常生活支援総合事業）,347220,353805,6585,353805,0,0,0,353805,1,4,ok,derived
2026_long_term_care_insurance_revenue_43_02_16,2026,long_term_care_insurance,介護保険事業会計,revenue,43,国庫支出金,02,国庫補助金,16,保険者機能強化推進交付金,48837,43954,-4883,43954,0,0,0,43954,1,1,ok,derived
2026_long_term_care_insurance_revenue_43_02_17,2026,long_term_care_insurance,介護保険事業会計,revenue,43,国庫支出金,02,国庫補助金,17,介護保険保険者努力支援交付金,96735,94767,-1968,94767,0,0,0,94767,1,4,ok,derived
2026_long_term_care_insurance_revenue_44_01_01,2026,long_term_care_insurance,介護保険事業会計,revenue,44,支払基金交付金,01,支払基金交付金,01,介護給付費交付金,18963489,19340931,377442,19340931,0,0,0,19340931,1,18,ok,derived
2026_long_term_care_insurance_revenue_44_01_03,2026,long_term_care_insurance,介護保険事業会計,revenue,44,支払基金交付金,01,支払基金交付金,03,地域支援事業支援交付金（介護予防・日常生活支援総合事業）,483443,493473,10030,493473,0,0,0,493473,1,5,ok,derived
2026_long_term_care_insurance_revenue_45_01_01,2026,long_term_care_insurance,介護保険事業会計,revenue,45,都支出金,01,都負担金,01,介護給付費負担金,10052233,10280302,228069,10280302,0,0,0,10280302,1,18,ok,derived
2026_long_term_care_insurance_revenue_45_03_02,2026,long_term_care_insurance,介護保険事業会計,revenue,45,都支出金,03,都補助金,02,地域支援事業交付金（包括的支援事業・任意事業）,91149,88968,-2181,88968,0,0,0,88968,1,10,ok,derived
2026_long_term_care_insurance_revenue_45_03_08,2026,long_term_care_insurance,介護保険事業会計,revenue,45,都支出金,03,都補助金,08,地域支援事業交付金（介護予防・日常生活支援総合事業）,217013,221128,4115,221128,0,0,0,221128,1,4,ok,derived
2026_long_term_care_insurance_revenue_46_01_02,2026,long_term_care_insurance,介護保険事業会計,revenue,46,財産収入,01,財産運用収入,02,利子及配当金,34640,65792,31152,65792,0,0,0,65792,1,1,ok,derived
2026_long_term_care_insurance_revenue_48_01_01,2026,long_term_care_insurance,介護保険事業会計,revenue,48,繰入金,01,一般会計繰入金,01,介護給付費繰入金,8809393,8984135,174742,8984135,0,0,0,8984135,1,19,ok,derived
2026_long_term_care_insurance_revenue_48_01_02,2026,long_term_care_insurance,介護保険事業会計,revenue,48,繰入金,01,一般会計繰入金,02,その他一般会計繰入金,1490487,1768080,277593,1768080,0,0,0,1768080,3,6,ok,derived
2026_long_term_care_insurance_revenue_48_01_04,2026,long_term_care_insurance,介護保険事業会計,revenue,48,繰入金,01,一般会計繰入金,04,地域支援事業繰入金（包括的支援・任意事業）,91149,88968,-2181,88968,0,0,0,88968,1,10,ok,derived
2026_long_term_care_insurance_revenue_48_01_05,2026,long_term_care_insurance,介護保険事業会計,revenue,48,繰入金,01,一般会計繰入金,05,地域支援事業繰入金（介護予防・日常生活支援総合事業）,217013,221128,4115,221128,0,0,0,221128,1,4,ok,derived
2026_long_term_care_insurance_revenue_48_01_06,2026,long_term_care_insurance,介護保険事業会計,revenue,48,繰入金,01,一般会計繰入金,06,低所得者保険料軽減繰入金,555088,532902,-22186,532902,0,0,0,532902,1,1,ok,derived
2026_long_term_care_insurance_revenue_48_02_01,2026,long_term_care_insurance,介護保険事業会計,revenue,48,繰入金,02,基金繰入金,01,介護給付費準備基金繰入金,2369832,2776668,406836,2776668,0,0,0,2776668,1,1,ok,derived
2026_long_term_care_insurance_revenue_49_01_01,2026,long_term_care_insurance,介護保険事業会計,revenue,49,繰越金,01,繰越金,01,繰越金,2,2,0,2,0,0,0,2,1,4,ok,derived
2026_long_term_care_insurance_revenue_50_01_01,2026,long_term_care_insurance,介護保険事業会計,revenue,50,諸収入,01,延滞金加算金及過料,01,第１号被保険者延滞金,1283,732,-551,732,0,0,0,732,1,1,ok,derived
2026_long_term_care_insurance_revenue_50_01_03,2026,long_term_care_insurance,介護保険事業会計,revenue,50,諸収入,01,延滞金加算金及過料,03,加算金,2,2,0,2,0,0,0,2,1,2,ok,derived
2026_long_term_care_insurance_revenue_50_02_01,2026,long_term_care_insurance,介護保険事業会計,revenue,50,諸収入,02,特別区預金利子,01,特別区預金利子,1,1,0,1,0,0,0,1,1,1,ok,derived
2026_long_term_care_insurance_revenue_50_04_02,2026,long_term_care_insurance,介護保険事業会計,revenue,50,諸収入,04,雑入,02,第三者納付金,2,2,0,2,0,0,0,2,1,2,ok,derived
2026_long_term_care_insurance_revenue_50_04_03,2026,long_term_care_insurance,介護保険事業会計,revenue,50,諸収入,04,雑入,03,返納金,2,2,0,2,0,0,0,2,1,2,ok,derived
2026_long_term_care_insurance_revenue_50_04_04,2026,long_term_care_insurance,介護保険事業会計,revenue,50,諸収入,04,雑入,04,雑入,0,1,1,1,0,0,0,1,1,1,ok,derived
2026_long_term_care_insurance_revenue_50_04_05,2026,long_term_care_insurance,介護保険事業会計,revenue,50,諸収入,04,雑入,05,納付金,26660,31686,5026,31686,0,0,0,31686,1,2,ok,derived
2026_national_health_insurance_revenue_21_01_01,2026,national_health_insurance,国民健康保険事業会計,revenue,21,国民健康保険料,01,国民健康保険料,01,国民健康保険料,25964649,26829993,865344,26829993,0,0,0,26829993,12,21,ok,derived
2026_national_health_insurance_revenue_22_01_01,2026,national_health_insurance,国民健康保険事業会計,revenue,22,一部負担金,01,一部負担金,01,一部負担金,2,2,0,2,0,0,0,2,2,2,ok,derived
2026_national_health_insurance_revenue_23_01_01,2026,national_health_insurance,国民健康保険事業会計,revenue,23,使用料及手数料,01,手数料,01,総務手数料,127,140,13,140,0,0,0,140,1,1,ok,derived
2026_national_health_insurance_revenue_24_02_12,2026,national_health_insurance,国民健康保険事業会計,revenue,24,国庫支出金,02,国庫補助金,12,子ども・子育て支援事業費補助金,121017,0,-121017,0,0,0,0,0,1,1,ok_zero_amount,derived
2026_national_health_insurance_revenue_26_02_03,2026,national_health_insurance,国民健康保険事業会計,revenue,26,都支出金,02,都補助金,03,保険給付費等交付金,48451136,48961898,510762,48961898,0,0,0,48961898,2,19,ok,derived
2026_national_health_insurance_revenue_27_01_01,2026,national_health_insurance,国民健康保険事業会計,revenue,27,繰入金,01,一般会計繰入金,01,一般会計繰入金,7629247,8333112,703865,8333112,0,0,0,8333112,7,30,ok,derived
2026_national_health_insurance_revenue_28_01_02,2026,national_health_insurance,国民健康保険事業会計,revenue,28,繰越金,01,繰越金,02,その他繰越金,1,1,0,1,0,0,0,1,1,4,ok,derived
2026_national_health_insurance_revenue_29_01_01,2026,national_health_insurance,国民健康保険事業会計,revenue,29,諸収入,01,延滞金加算金及過料,01,延滞金,24282,20600,-3682,20600,0,0,0,20600,1,1,ok,derived
2026_national_health_insurance_revenue_29_01_03,2026,national_health_insurance,国民健康保険事業会計,revenue,29,諸収入,01,延滞金加算金及過料,03,加算金,1,1,0,1,0,0,0,1,1,1,ok,derived
2026_national_health_insurance_revenue_29_01_05,2026,national_health_insurance,国民健康保険事業会計,revenue,29,諸収入,01,延滞金加算金及過料,05,過料,1,1,0,1,0,0,0,1,1,1,ok,derived
2026_national_health_insurance_revenue_29_02_01,2026,national_health_insurance,国民健康保険事業会計,revenue,29,諸収入,02,特別区預金利子,01,特別区預金利子,1,1,0,1,0,0,0,1,1,1,ok,derived
2026_national_health_insurance_revenue_29_03_01,2026,national_health_insurance,国民健康保険事業会計,revenue,29,諸収入,03,雑入,01,第三者納付金,18588,18142,-446,18142,0,0,0,18142,1,1,ok,derived
2026_national_health_insurance_revenue_29_03_03,2026,national_health_insurance,国民健康保険事業会計,revenue,29,諸収入,03,雑入,03,返納金,27545,28181,636,28181,0,0,0,28181,1,1,ok,derived
2026_national_health_insurance_revenue_29_03_05,2026,national_health_insurance,国民健康保険事業会計,revenue,29,諸収入,03,雑入,05,納付金,8474,8830,356,8830,0,0,0,8830,1,2,ok,derived
2026_national_health_insurance_revenue_29_03_06,2026,national_health_insurance,国民健康保険事業会計,revenue,29,諸収入,03,雑入,06,雑入,3,3,0,3,0,0,0,3,3,3,ok,derived
2026_national_health_insurance_revenue_29_04_01,2026,national_health_insurance,国民健康保険事業会計,revenue,29,諸収入,04,受託事業収入,01,特定健康診査等受託料,5800,6000,200,6000,0,0,0,6000,1,1,ok,derived
2026_school_lunch_fee_revenue_71_01_01,2026,school_lunch_fee,学校給食費会計,revenue,71,給食費,01,給食費,01,給食費収入,475731,0,-475731,0,0,0,0,0,1,1,ok_zero_amount,derived
2026_school_lunch_fee_revenue_72_01_01,2026,school_lunch_fee,学校給食費会計,revenue,72,繰入金,01,一般会計繰入金,01,一般会計繰入金,3470906,0,-3470906,0,0,0,0,0,1,1,ok_zero_amount,derived
2026_school_lunch_fee_revenue_73_01_01,2026,school_lunch_fee,学校給食費会計,revenue,73,繰越金,01,繰越金,01,繰越金,1,0,-1,0,0,0,0,0,1,1,ok_zero_amount,derived
2026_school_lunch_fee_revenue_74_01_01,2026,school_lunch_fee,学校給食費会計,revenue,74,諸収入,01,特別区預金利子,01,特別区預金利子,1,0,-1,0,0,0,0,0,1,1,ok_zero_amount,derived
